Datum Zeit; BEN; NO; NO2; O3; PM2.5; PM10; SO2
; µg/m³; µg/m³; µg/m³; µg/m³; µg/m³; µg/m³; µg/m³
01-10-16 00:30; ; ; ; ; ; ; 0,0
01-10-16 01:00; 0,0; 8; 23; 14; 0,00; 18; 0,0
01-10-16 01:30; ; ; ; ; ; ; 0,0
01-10-16 02:00; 0,0; 9; 22; 10; 0,00; 18; 0,0
01-10-16 02:30; ; ; ; ; ; ; 0,0
01-10-16 03:00; 0,0; 6; 19; 13; 0,00; 18; 0,0
01-10-16 03:30; ; ; ; ; ; ; 0,0
01-10-16 04:00; 0,0; 20; 25; 8; 0,00; 18; 0,0
01-10-16 04:30; ; ; ; ; ; ; 0,0
01-10-16 05:00; 0,0; 12; 25; 8; 0,00; 18; 0,0
01-10-16 05:30; ; ; ; ; ; ; 0,0
01-10-16 06:00; 0,0; 14; 24; 8; 0,00; 18; 0,0
01-10-16 06:30; ; ; ; ; ; ; 0,0
01-10-16 07:00; 0,0; 54; 25; 14; 0,00; 18; 0,0
01-10-16 07:30; ; ; ; ; ; ; 0,0
01-10-16 08:00; 0,0; 38; 23; 18; 0,00; 18; 0,0
01-10-16 08:30; ; ; ; ; ; ; 0,0
01-10-16 09:00; 0,0; 7; 18; 22; 0,00; 18; 0,0
01-10-16 09:30; ; ; ; ; ; ; 0,0
01-10-16 10:00; 0,0; 17; 17; 27; 0,00; 18; 0,0
01-10-16 10:30; ; ; ; ; ; ; 0,0
01-10-16 11:00; 0,0; 16; 18; 33; 0,00; 18; 0,0
01-10-16 11:30; ; ; ; ; ; ; 0,0
01-10-16 12:00; 0,0; 4; 16; 51; 0,00; 18; 0,0
01-10-16 12:30; ; ; ; ; ; ; 0,0
01-10-16 13:00; 0,0; 9; 17; 71; 0,00; 18; 0,0
01-10-16 13:30; ; ; ; ; ; ; 0,0
01-10-16 14:00; 0,0; 18; 23; 76; 0,00; 18; 0,0
01-10-16 14:30; ; ; ; ; ; ; 0,0
01-10-16 15:00; 0,0; 17; 29; 59; 0,00; 18; 0,0
01-10-16 15:30; ; ; ; ; ; ; 0,0
01-10-16 16:00; 0,0; 28; 39; 30; 0,00; 18; 0,0
01-10-16 16:30; ; ; ; ; ; ; 0,0
01-10-16 17:00; 0,0; 33; 56; 25; 0,00; 18; 0,0
01-10-16 17:30; ; ; ; ; ; ; 0,0
01-10-16 18:00; 0,0; 20; 52; 24; 0,00; 18; 0,0
01-10-16 18:30; ; ; ; ; ; ; 0,0
01-10-16 19:00; 0,0; 21; 52; 16; 0,00; 18; 0,0
01-10-16 19:30; ; ; ; ; ; ; 0,0
01-10-16 20:00; 0,0; 21; 41; 25; 0,00; 18; 0,0
01-10-16 20:30; ; ; ; ; ; ; 0,0
01-10-16 21:00; 0,0; 10; 21; 21; 0,00; 18; 0,0
01-10-16 21:30; ; ; ; ; ; ; 0,0
01-10-16 22:00; 0,0; 11; 31; 54; 0,00; 18; 0,0
01-10-16 22:30; ; ; ; ; ; ; 0,0
01-10-16 23:00; 0,0; 2; 14; 48; 0,00; 18; 0,0
01-10-16 23:30; ; ; ; ; ; ; 0,0
02-10-16 00:00; 0,0; 2; 10; 49; 0,00; 18; 0,0
02-10-16 00:30; ; ; ; ; ; ; 0,0
02-10-16 01:00; 0,0; 10; 16; 56; 0,00; 9; 0,0
02-10-16 01:30; ; ; ; ; ; ; 0,0
02-10-16 02:00; 0,0; 3; 11; 49; 0,00; 9; 0,0
02-10-16 02:30; ; ; ; ; ; ; 0,0
02-10-16 03:00; 0,0; 2; 8; 40; 0,00; 9; 0,0
02-10-16 03:30; ; ; ; ; ; ; 0,0
02-10-16 04:00; 0,0; 4; 12; 37; 0,00; 9; 0,0
02-10-16 04:30; ; ; ; ; ; ; 0,0
02-10-16 05:00; 0,0; 11; 16; 38; 0,00; 9; 0,0
02-10-16 05:30; ; ; ; ; ; ; 0,0
02-10-16 06:00; 0,0; 15; 15; 42; 0,00; 9; 0,0
02-10-16 06:30; ; ; ; ; ; ; 0,0
02-10-16 07:00; 0,0; 19; 15; 43; 0,00; 9; 0,0
02-10-16 07:30; ; ; ; ; ; ; 0,0
02-10-16 08:00; 0,0; 30; 15; 35; 0,00; 9; 0,0
02-10-16 08:30; ; ; ; ; ; ; 0,0
02-10-16 09:00; 0,0; 24; 14; 43; 0,00; 9; 0,0
02-10-16 09:30; ; ; ; ; ; ; 0,0
02-10-16 10:00; 0,0; 26; 20; 46; 0,00; 9; 0,0
02-10-16 10:30; ; ; ; ; ; ; 0,0
02-10-16 11:00; 0,0; 22; 18; 50; 0,00; 9; 0,0
02-10-16 11:30; ; ; ; ; ; ; 0,0
02-10-16 12:00; 0,0; 13; 13; 61; 0,00; 9; 0,0
02-10-16 12:30; ; ; ; ; ; ; 0,0
02-10-16 13:00; 0,0; 11; 12; 58; 0,00; 9; 0,0
02-10-16 13:30; ; ; ; ; ; ; 0,0
02-10-16 14:00; 0,0; 14; 15; 56; 0,00; 9; 0,0
02-10-16 14:30; ; ; ; ; ; ; 0,0
02-10-16 15:00; 0,0; 19; 17; 50; 0,00; 9; 0,0
02-10-16 15:30; ; ; ; ; ; ; 0,0
02-10-16 16:00; 0,0; 23; 20; 44; 0,00; 9; 0,0
02-10-16 16:30; ; ; ; ; ; ; 0,0
02-10-16 17:00; 0,0; 37; 26; 35; 0,00; 9; 0,0
02-10-16 17:30; ; ; ; ; ; ; 0,0
02-10-16 18:00; 0,0; 32; 25; 39; 0,00; 9; 0,0
02-10-16 18:30; ; ; ; ; ; ; 0,0
02-10-16 19:00; 0,0; 10; 15; 37; 0,00; 9; 0,0
02-10-16 19:30; ; ; ; ; ; ; 0,0
02-10-16 20:00; 0,0; 17; 18; 25; 0,00; 9; 0,0
02-10-16 20:30; ; ; ; ; ; ; 0,0
02-10-16 21:00; 0,0; 12; 17; 23; 0,00; 9; 0,0
02-10-16 21:30; ; ; ; ; ; ; 0,0
02-10-16 22:00; 0,0; 17; 18; 27; 0,00; 9; 0,0
02-10-16 22:30; ; ; ; ; ; ; 0,0
02-10-16 23:00; 0,0; 7; 12; 23; 0,00; 9; 0,0
02-10-16 23:30; ; ; ; ; ; ; 0,0
03-10-16 00:00; 0,0; 11; 14; 22; 0,00; 9; 0,0
03-10-16 00:30; ; ; ; ; ; ; 0,0
03-10-16 01:00; 0,0; 7; 14; 23; 0,00; 9; 0,0
03-10-16 01:30; ; ; ; ; ; ; 0,0
03-10-16 02:00; 0,0; 10; 12; 16; 0,00; 9; 0,0
03-10-16 02:30; ; ; ; ; ; ; 0,0
03-10-16 03:00; 0,0; 14; 14; 23; 0,00; 9; 0,0
03-10-16 03:30; ; ; ; ; ; ; 0,0
03-10-16 04:00; 0,0; 2; 10; 23; 0,00; 9; 0,0
03-10-16 04:30; ; ; ; ; ; ; 0,0
03-10-16 05:00; 0,0; 14; 11; 16; 0,00; 9; 0,0
03-10-16 05:30; ; ; ; ; ; ; 0,0
03-10-16 06:00; 0,0; 11; 11; 17; 0,00; 9; 0,0
03-10-16 06:30; ; ; ; ; ; ; 0,0
03-10-16 07:00; 0,0; 23; 12; 14; 0,00; 9; 0,0
03-10-16 07:30; ; ; ; ; ; ; 0,0
03-10-16 08:00; 0,0; 26; 18; 14; 0,00; 9; 0,0
03-10-16 08:30; ; ; ; ; ; ; 0,0
03-10-16 09:00; 0,0; 25; 15; 15; 0,00; 9; 0,0
03-10-16 09:30; ; ; ; ; ; ; 0,0
03-10-16 10:00; 0,0; 17; 13; 16; 0,00; 9; 0,0
03-10-16 10:30; ; ; ; ; ; ; 0,0
03-10-16 11:00; 0,0; 24; 17; 17; 0,00; 9; 0,0
03-10-16 11:30; ; ; ; ; ; ; 0,0
03-10-16 12:00; 0,0; 21; 15; 17; 0,00; 9; 0,0
03-10-16 12:30; ; ; ; ; ; ; 0,0
03-10-16 13:00; 0,0; 22; 18; 21; 0,00; 9; 0,0
03-10-16 13:30; ; ; ; ; ; ; 0,0
03-10-16 14:00; 0,0; 26; 20; 33; 0,00; 9; 0,0
03-10-16 14:30; ; ; ; ; ; ; 0,0
03-10-16 15:00; 0,0; 29; 22; 34; 0,00; 9; 0,0
03-10-16 15:30; ; ; ; ; ; ; 0,0
03-10-16 16:00; 0,0; 35; 25; 29; 0,00; 9; 0,0
03-10-16 16:30; ; ; ; ; ; ; 0,0
03-10-16 17:00; 0,0; 30; 22; 21; 0,00; 9; 0,0
03-10-16 17:30; ; ; ; ; ; ; 0,0
03-10-16 18:00; 0,0; 12; 14; 13; 0,00; 9; 0,0
03-10-16 18:30; ; ; ; ; ; ; 0,0
03-10-16 19:00; 0,0; 23; 25; 13; 0,00; 9; 0,0
03-10-16 19:30; ; ; ; ; ; ; 0,0
03-10-16 20:00; 0,0; 19; 24; 18; 0,00; 9; 0,0
03-10-16 20:30; ; ; ; ; ; ; 0,0
03-10-16 21:00; 0,0; 21; 21; 16; 0,00; 9; 0,0
03-10-16 21:30; ; ; ; ; ; ; 0,0
03-10-16 22:00; 0,0; 15; 23; 16; 0,00; 9; 0,0
03-10-16 22:30; ; ; ; ; ; ; 0,0
03-10-16 23:00; 0,0; 9; 11; 11; 0,00; 9; 0,0
03-10-16 23:30; ; ; ; ; ; ; 0,0
04-10-16 00:00; 0,0; 2; 6; 22; 0,00; 9; 0,0
04-10-16 00:30; ; ; ; ; ; ; 0,0
04-10-16 01:00; 0,0; 1; 7; 28; 0,00; 7; 0,0
04-10-16 01:30; ; ; ; ; ; ; 0,0
04-10-16 02:00; 0,0; 2; 6; 38; 0,00; 7; 0,0
04-10-16 02:30; ; ; ; ; ; ; 0,0
04-10-16 03:00; 0,0; 5; 9; 40; 0,00; 7; 0,0
04-10-16 03:30; ; ; ; ; ; ; 0,0
04-10-16 04:00; 0,0; 3; 8; 35; 0,00; 7; 0,0
04-10-16 04:30; ; ; ; ; ; ; 0,0
04-10-16 05:00; 0,0; 10; 13; 42; 0,00; 7; 0,0
04-10-16 05:30; ; ; ; ; ; ; 0,0
04-10-16 06:00; 0,0; 2; 7; 42; 0,00; 7; 0,0
04-10-16 06:30; ; ; ; ; ; ; 0,0
04-10-16 07:00; 0,0; 5; 9; 45; 0,00; 7; 0,0
04-10-16 07:30; ; ; ; ; ; ; 0,0
04-10-16 08:00; 0,0; 4; 8; 46; 0,00; 7; 0,0
04-10-16 08:30; ; ; ; ; ; ; 0,0
04-10-16 09:00; 0,0; 6; 9; 46; 0,00; 7; 0,0
04-10-16 09:30; ; ; ; ; ; ; 0,0
04-10-16 10:00; 0,0; 6; 9; 45; 0,00; 7; 0,0
04-10-16 10:30; ; ; ; ; ; ; 0,0
04-10-16 11:00; 0,0; 1; 4; 50; 0,00; 7; 0,0
04-10-16 11:30; ; ; ; ; ; ; 0,0
04-10-16 12:00; 0,0; 1; 4; 55; 0,00; 7; 0,0
04-10-16 12:30; ; ; ; ; ; ; 0,0
04-10-16 13:00; 0,0; 3; 5; 58; 0,00; 7; 0,0
04-10-16 13:30; ; ; ; ; ; ; 0,0
04-10-16 14:00; 0,0; 3; 5; 63; 0,00; 7; 0,0
04-10-16 14:30; ; ; ; ; ; ; 0,0
04-10-16 15:00; 0,0; 5; 8; 63; 0,00; 7; 0,0
04-10-16 15:30; ; ; ; ; ; ; 0,0
04-10-16 16:00; 0,0; 2; 6; 64; 0,00; 7; 0,0
04-10-16 16:30; ; ; ; ; ; ; 0,0
04-10-16 17:00; 0,0; 18; 22; 63; 0,00; 7; 0,0
04-10-16 17:30; ; ; ; ; ; ; 0,0
04-10-16 18:00; 0,0; 7; 14; 35; 0,00; 7; 0,0
04-10-16 18:30; ; ; ; ; ; ; 0,0
04-10-16 19:00; 0,0; 23; 31; 17; 0,00; 7; 0,0
04-10-16 19:30; ; ; ; ; ; ; 0,0
04-10-16 20:00; 0,0; 28; 29; 14; 0,00; 7; 0,0
04-10-16 20:30; ; ; ; ; ; ; 0,0
04-10-16 21:00; 0,0; 2; 9; 30; 0,00; 7; 0,0
04-10-16 21:30; ; ; ; ; ; ; 0,0
04-10-16 22:00; 0,0; 1; 5; 38; 0,00; 7; 0,0
04-10-16 22:30; ; ; ; ; ; ; 0,0
04-10-16 23:00; 0,0; 1; 5; 42; 0,00; 7; 0,0
04-10-16 23:30; ; ; ; ; ; ; 0,0
05-10-16 00:00; 0,0; 1; 5; 58; 0,00; 7; 0,0
05-10-16 00:30; ; ; ; ; ; ; 0,0
05-10-16 01:00; 0,0; 1; 4; 54; 0,00; 6; 0,0
05-10-16 01:30; ; ; ; ; ; ; 0,0
05-10-16 02:00; 0,0; 1; 6; 46; 0,00; 3; 0,0
05-10-16 02:30; ; ; ; ; ; ; 0,0
05-10-16 03:00; 0,0; 6; 10; 40; 0,00; 5; 0,0
05-10-16 03:30; ; ; ; ; ; ; 0,0
05-10-16 04:00; 0,0; 7; 12; 33; 0,00; 7; 0,0
05-10-16 04:30; ; ; ; ; ; ; 0,0
05-10-16 05:00; 0,0; 28; 18; 21; 0,00; 5; 0,0
05-10-16 05:30; ; ; ; ; ; ; 0,0
05-10-16 06:00; 0,0; 25; 22; 19; 0,00; 5; 0,0
05-10-16 06:30; ; ; ; ; ; ; 0,0
05-10-16 07:00; 0,0; 52; 32; 14; 0,00; 12; 0,0
05-10-16 07:30; ; ; ; ; ; ; 0,0
05-10-16 08:00; 0,0; 46; 25; 23; 0,00; 17; 0,0
05-10-16 08:30; ; ; ; ; ; ; 0,0
05-10-16 09:00; 0,0; 36; 22; 31; 0,00; 12; 0,0
05-10-16 09:30; ; ; ; ; ; ; 0,0
05-10-16 10:00; 0,0; 31; 20; 39; 0,00; 9; 0,0
05-10-16 10:30; ; ; ; ; ; ; 0,0
05-10-16 11:00; 0,0; 30; 18; 43; 0,00; 8; 0,0
05-10-16 11:30; ; ; ; ; ; ; 0,0
05-10-16 12:00; 0,0; 31; 21; 46; 0,00; 11; 0,0
05-10-16 12:30; ; ; ; ; ; ; 0,0
05-10-16 13:00; 0,0; 39; 23; 45; 0,00; 4; 0,0
05-10-16 13:30; ; ; ; ; ; ; 0,0
05-10-16 14:00; 0,0; 38; 21; 34; 0,00; 5; 0,0
05-10-16 14:30; ; ; ; ; ; ; 0,0
05-10-16 15:00; 0,0; 41; 22; 35; 0,00; 5; 0,0
05-10-16 15:30; ; ; ; ; ; ; 0,0
05-10-16 16:00; 0,0; 37; 25; 43; 0,00; 4; 0,0
05-10-16 16:30; ; ; ; ; ; ; 0,0
05-10-16 17:00; 0,0; 35; 23; 31; 0,00; 6; 0,0
05-10-16 17:30; ; ; ; ; ; ; 0,0
05-10-16 18:00; 0,0; 21; 17; 29; 0,00; 4; 0,0
05-10-16 18:30; ; ; ; ; ; ; 0,0
05-10-16 19:00; 0,0; 13; 13; 39; 0,00; 3; 0,0
05-10-16 19:30; ; ; ; ; ; ; 0,0
05-10-16 20:00; 0,0; 7; 9; 42; 0,00; 1; 0,0
05-10-16 20:30; ; ; ; ; ; ; 0,0
05-10-16 21:00; 0,0; 3; 6; 46; 0,00; 3; 0,0
05-10-16 21:30; ; ; ; ; ; ; 0,0
05-10-16 22:00; 0,0; 9; 11; 48; 0,00; 5; 0,0
05-10-16 22:30; ; ; ; ; ; ; 0,0
05-10-16 23:00; 0,0; 5; 10; 47; 0,00; 3; 0,0
05-10-16 23:30; ; ; ; ; ; ; 0,0
06-10-16 00:00; 0,0; 2; 8; 48; 0,00; 2; 0,0
06-10-16 00:30; ; ; ; ; ; ; 0,0
06-10-16 01:00; 0,0; 2; 6; 50; 0,00; 2; 0,0
06-10-16 01:30; ; ; ; ; ; ; 0,0
06-10-16 02:00; 0,0; 2; 6; 48; 0,00; 2; 0,0
06-10-16 02:30; ; ; ; ; ; ; 0,0
06-10-16 03:00; 0,0; 1; 4; 47; 0,00; 2; 0,0
06-10-16 03:30; ; ; ; ; ; ; 0,0
06-10-16 04:00; 0,0; 2; 4; 44; 0,00; 2; 0,0
06-10-16 04:30; ; ; ; ; ; ; 0,0
06-10-16 05:00; 0,0; 5; 6; 38; 0,00; 1; 0,0
06-10-16 05:30; ; ; ; ; ; ; 0,0
06-10-16 06:00; 0,0; 6; 8; 31; 0,00; 2; 0,0
06-10-16 06:30; ; ; ; ; ; ; 0,0
06-10-16 07:00; 0,0; 19; 13; 21; 0,00; 1; 0,0
06-10-16 07:30; ; ; ; ; ; ; 0,0
06-10-16 08:00; 0,0; 15; 11; 23; 0,00; 2; 0,0
06-10-16 08:30; ; ; ; ; ; ; 0,0
06-10-16 09:00; 0,0; 14; 10; 21; 0,00; 2; 0,0
06-10-16 09:30; ; ; ; ; ; ; 0,0
06-10-16 10:00; 0,0; 9; 8; 20; 0,00; 1; 0,0
06-10-16 10:30; ; ; ; ; ; ; 0,0
06-10-16 11:00; 0,0; 10; 9; 27; 0,00; 3; 0,0
06-10-16 11:30; ; ; ; ; ; ; 0,0
06-10-16 12:00; 0,0; 20; 10; 24; 0,00; 3; 0,0
06-10-16 12:30; ; ; ; ; ; ; 0,0
06-10-16 13:00; 0,0; 17; 10; 23; 0,00; 3; 0,0
06-10-16 13:30; ; ; ; ; ; ; 0,0
06-10-16 14:00; 0,0; 22; 13; 21; 0,00; 4; 0,0
06-10-16 14:30; ; ; ; ; ; ; 0,0
06-10-16 15:00; 0,0; 41; 18; 12; 0,00; 4; 0,0
06-10-16 15:30; ; ; ; ; ; ; 0,0
06-10-16 16:00; 0,0; 22; 14; 17; 0,00; 7; 0,0
06-10-16 16:30; ; ; ; ; ; ; 0,0
06-10-16 17:00; 0,0; 25; 15; 19; 0,00; 6; 0,0
06-10-16 17:30; ; ; ; ; ; ; 0,0
06-10-16 18:00; 0,0; 3; 8; 16; 0,00; 6; 0,0
06-10-16 18:30; ; ; ; ; ; ; 0,0
06-10-16 19:00; 0,0; 7; 10; 25; 0,00; 10; 0,0
06-10-16 19:30; ; ; ; ; ; ; 0,0
06-10-16 20:00; 0,0; 1; 12; 21; 0,00; 6; 0,0
06-10-16 20:30; ; ; ; ; ; ; 0,0
06-10-16 21:00; 0,0; 2; 11; 22; 0,00; 4; 0,0
06-10-16 21:30; ; ; ; ; ; ; 0,0
06-10-16 22:00; 0,0; 4; 11; 17; 0,00; 3; 0,0
06-10-16 22:30; ; ; ; ; ; ; 0,0
06-10-16 23:00; 0,0; 1; 10; 17; 0,00; 4; 0,0
06-10-16 23:30; ; ; ; ; ; ; 0,0
07-10-16 00:00; 0,0; 3; 8; 14; 0,00; 3; 0,0
07-10-16 00:30; ; ; ; ; ; ; 0,0
07-10-16 01:00; 0,0; 2; 7; 15; 0,00; 2; 0,0
07-10-16 01:30; ; ; ; ; ; ; 0,0
07-10-16 02:00; 0,0; 2; 7; 14; 0,00; 1; 0,0
07-10-16 02:30; ; ; ; ; ; ; 0,0
07-10-16 03:00; 0,0; 1; 9; 16; 0,00; 3; 0,0
07-10-16 03:30; ; ; ; ; ; ; 0,0
07-10-16 04:00; 0,0; 1; 11; 13; 0,00; 3; 0,0
07-10-16 04:30; ; ; ; ; ; ; 0,0
07-10-16 05:00; 0,0; 1; 12; 11; 0,00; 5; 0,0
07-10-16 05:30; ; ; ; ; ; ; 0,0
07-10-16 06:00; 0,0; 1; 14; 6; 0,00; 2; 0,0
07-10-16 06:30; ; ; ; ; ; ; 0,0
07-10-16 07:00; 0,0; 3; 18; 5; 0,00; 3; 0,0
07-10-16 07:30; ; ; ; ; ; ; 0,0
07-10-16 08:00; 0,0; 5; 15; 6; 0,00; 5; 0,0
07-10-16 08:30; ; ; ; ; ; ; 0,0
07-10-16 09:00; 0,0; 6; 14; 6; 0,00; 5; 0,0
07-10-16 09:30; ; ; ; ; ; ; 0,0
07-10-16 10:00; 0,0; 5; 10; 7; 0,00; 9; 0,0
07-10-16 10:30; ; ; ; ; ; ; 0,0
07-10-16 11:00; 0,0; 13; 12; 9; 0,00; 9; 0,0
07-10-16 11:30; ; ; ; ; ; ; 0,0
07-10-16 12:00; 0,0; 8; 11; 11; 0,00; 8; 0,0
07-10-16 12:30; ; ; ; ; ; ; 0,0
07-10-16 13:00; 0,0; 4; 10; 18; 0,00; 4; 0,0
07-10-16 13:30; ; ; ; ; ; ; 0,0
07-10-16 14:00; 0,0; 36; 20; 26; 0,00; 4; 0,0
07-10-16 14:30; ; ; ; ; ; ; 0,0
07-10-16 15:00; 0,0; 35; 21; 29; 0,00; 6; 0,0
07-10-16 15:30; ; ; ; ; ; ; 0,0
07-10-16 16:00; 0,0; 28; 22; 29; 0,00; 5; 0,0
07-10-16 16:30; ; ; ; ; ; ; 0,0
07-10-16 17:00; 0,0; 14; 20; 16; 0,00; 6; 0,0
07-10-16 17:30; ; ; ; ; ; ; 0,0
07-10-16 18:00; 0,0; 73; 45; 6; 0,00; 7; 0,0
07-10-16 18:30; ; ; ; ; ; ; 0,0
07-10-16 19:00; 0,0; 46; 35; 5; 0,00; 8; 0,0
07-10-16 19:30; ; ; ; ; ; ; 0,0
07-10-16 20:00; 0,0; 37; 29; 5; 0,00; 12; 0,0
07-10-16 20:30; ; ; ; ; ; ; 0,0
07-10-16 21:00; 0,0; 16; 21; 5; 0,00; 14; 0,0
07-10-16 21:30; ; ; ; ; ; ; 0,0
07-10-16 22:00; 0,0; 22; 19; 5; 0,00; 14; 0,0
07-10-16 22:30; ; ; ; ; ; ; 0,0
07-10-16 23:00; 0,0; 6; 14; 6; 0,00; 11; 0,0
07-10-16 23:30; ; ; ; ; ; ; 0,0
08-10-16 00:00; 0,0; 10; 13; 12; 0,00; 8; 0,0
08-10-16 00:30; ; ; ; ; ; ; 0,0
08-10-16 01:00; 0,0; 8; 9; 19; 0,00; 6; 0,0
08-10-16 01:30; ; ; ; ; ; ; 0,0
08-10-16 02:00; 0,0; 5; 8; 25; 0,00; 5; 0,0
08-10-16 02:30; ; ; ; ; ; ; 0,0
08-10-16 03:00; 0,0; 5; 8; 28; 0,00; 5; 0,0
08-10-16 03:30; ; ; ; ; ; ; 0,0
08-10-16 04:00; 0,0; 3; 7; 25; 0,00; 7; 0,0
08-10-16 04:30; ; ; ; ; ; ; 0,0
08-10-16 05:00; 0,0; 9; 11; 24; 0,00; 9; 0,0
08-10-16 05:30; ; ; ; ; ; ; 0,0
08-10-16 06:00; 0,0; 17; 14; 24; 0,00; 10; 0,0
08-10-16 06:30; ; ; ; ; ; ; 0,0
08-10-16 07:00; 0,0; 35; 19; 26; 0,00; 9; 0,0
08-10-16 07:30; ; ; ; ; ; ; 0,0
08-10-16 08:00; 0,0; 33; 18; 28; 0,00; 10; 0,0
08-10-16 08:30; ; ; ; ; ; ; 0,0
08-10-16 09:00; 0,0; 32; 20; 32; 0,00; 7; 0,0
08-10-16 09:30; ; ; ; ; ; ; 0,0
08-10-16 10:00; 0,0; 46; 23; 33; 0,00; 8; 0,0
08-10-16 10:30; ; ; ; ; ; ; 0,0
08-10-16 11:00; 0,0; 46; 21; 26; 0,00; 7; 0,0
08-10-16 11:30; ; ; ; ; ; ; 0,0
08-10-16 12:00; 0,0; 34; 20; 23; 0,00; 6; 0,0
08-10-16 12:30; ; ; ; ; ; ; 0,0
08-10-16 13:00; 0,0; 30; 18; 23; 0,00; 6; 0,0
08-10-16 13:30; ; ; ; ; ; ; 0,0
08-10-16 14:00; 0,0; 27; 18; 25; 0,00; 5; 0,0
08-10-16 14:30; ; ; ; ; ; ; 0,0
08-10-16 15:00; 0,0; 28; 17; 27; 0,00; 5; 0,0
08-10-16 15:30; ; ; ; ; ; ; 0,0
08-10-16 16:00; 0,0; 24; 19; 26; 0,00; 6; 0,0
08-10-16 16:30; ; ; ; ; ; ; 0,0
08-10-16 17:00; 0,0; 49; 22; 18; 0,00; 5; 0,0
08-10-16 17:30; ; ; ; ; ; ; 0,0
08-10-16 18:00; 0,0; 39; 21; 12; 0,00; 5; 0,0
08-10-16 18:30; ; ; ; ; ; ; 0,0
08-10-16 19:00; 0,0; 33; 20; 15; 0,00; 7; 0,0
08-10-16 19:30; ; ; ; ; ; ; 0,0
08-10-16 20:00; 0,0; 20; 18; 27; 0,00; 5; 0,0
08-10-16 20:30; ; ; ; ; ; ; 0,0
08-10-16 21:00; 0,0; 27; 15; 27; 0,00; 4; 0,0
08-10-16 21:30; ; ; ; ; ; ; 0,0
08-10-16 22:00; 0,0; 24; 14; 21; 0,00; 5; 0,0
08-10-16 22:30; ; ; ; ; ; ; 0,0
08-10-16 23:00; 0,0; 14; 10; 21; 0,00; 7; 0,0
08-10-16 23:30; ; ; ; ; ; ; 0,0
09-10-16 00:00; 0,0; 19; 11; 22; 0,00; 9; 0,0
09-10-16 00:30; ; ; ; ; ; ; 0,0
09-10-16 01:00; 0,0; 7; 7; 21; 0,00; 7; 0,0
09-10-16 01:30; ; ; ; ; ; ; 0,0
09-10-16 02:00; 0,0; 5; 7; 24; 0,00; 6; 0,0
09-10-16 02:30; ; ; ; ; ; ; 0,0
09-10-16 03:00; 0,0; 10; 8; 28; 0,00; 7; 0,0
09-10-16 03:30; ; ; ; ; ; ; 0,0
09-10-16 04:00; 0,0; 4; 7; 33; 0,00; 8; 0,0
09-10-16 04:30; ; ; ; ; ; ; 0,0
09-10-16 05:00; 0,0; 5; 6; 32; 0,00; 8; 0,0
09-10-16 05:30; ; ; ; ; ; ; 0,0
09-10-16 06:00; 0,0; 5; 8; 33; 0,00; 8; 0,0
09-10-16 06:30; ; ; ; ; ; ; 0,0
09-10-16 07:00; 0,0; 8; 7; 32; 0,00; 10; 0,0
09-10-16 07:30; ; ; ; ; ; ; 0,0
09-10-16 08:00; 0,0; 15; 7; 32; 0,00; 13; 0,0
09-10-16 08:30; ; ; ; ; ; ; 0,0
09-10-16 09:00; 0,0; 14; 7; 32; 0,00; 11; 0,0
09-10-16 09:30; ; ; ; ; ; ; 0,0
09-10-16 10:00; 0,0; 25; 11; 33; 0,00; 8; 0,0
09-10-16 10:30; ; ; ; ; ; ; 0,0
09-10-16 11:00; 0,0; 26; 11; 39; 0,00; 6; 0,0
09-10-16 11:30; ; ; ; ; ; ; 0,0
09-10-16 12:00; 0,0; 25; 10; 38; 0,00; 6; 0,0
09-10-16 12:30; ; ; ; ; ; ; 0,0
09-10-16 13:00; 0,0; 21; 10; 31; 0,00; 6; 0,0
09-10-16 13:30; ; ; ; ; ; ; 0,0
09-10-16 14:00; 0,0; 29; 12; 31; 0,00; 5; 0,0
09-10-16 14:30; ; ; ; ; ; ; 0,0
09-10-16 15:00; 0,0; 17; 9; 31; 0,00; 5; 0,0
09-10-16 15:30; ; ; ; ; ; ; 0,0
09-10-16 16:00; 0,0; 29; 14; 31; 0,00; 4; 0,0
09-10-16 16:30; ; ; ; ; ; ; 0,0
09-10-16 17:00; 0,0; 38; 18; 28; 0,00; 4; 0,0
09-10-16 17:30; ; ; ; ; ; ; 0,0
09-10-16 18:00; 0,0; 35; 18; 23; 0,00; 7; 0,0
09-10-16 18:30; ; ; ; ; ; ; 0,0
09-10-16 19:00; 0,0; 23; 13; 18; 0,00; 9; 0,0
09-10-16 19:30; ; ; ; ; ; ; 0,0
09-10-16 20:00; 0,0; 17; 12; 13; 0,00; 6; 0,0
09-10-16 20:30; ; ; ; ; ; ; 0,0
09-10-16 21:00; 0,0; 10; 10; 11; 0,00; 10; 0,0
09-10-16 21:30; ; ; ; ; ; ; 0,0
09-10-16 22:00; 0,0; 19; 13; 8; 0,00; 14; 0,0
09-10-16 22:30; ; ; ; ; ; ; 0,0
09-10-16 23:00; 0,0; 9; 9; 11; 0,00; 13; 0,0
09-10-16 23:30; ; ; ; ; ; ; 0,0
10-10-16 00:00; 0,0; 4; 7; 14; 0,00; 12; 0,0
10-10-16 00:30; ; ; ; ; ; ; 0,0
10-10-16 01:00; 0,0; 5; 7; 12; 0,00; 11; 0,0
10-10-16 01:30; ; ; ; ; ; ; 0,0
10-10-16 02:00; 0,0; 11; 8; 14; 0,00; 11; 0,0
10-10-16 02:30; ; ; ; ; ; ; 0,0
10-10-16 03:00; 0,0; 6; 8; 11; 0,00; 11; 0,0
10-10-16 03:30; ; ; ; ; ; ; 0,0
10-10-16 04:00; 0,0; 13; 12; 11; 0,00; 10; 0,0
10-10-16 04:30; ; ; ; ; ; ; 0,0
10-10-16 05:00; 0,0; 51; 21; 8; 0,00; 10; 0,0
10-10-16 05:30; ; ; ; ; ; ; 0,0
10-10-16 06:00; 0,0; 37; 20; 5; 0,00; 10; 0,0
10-10-16 06:30; ; ; ; ; ; ; 0,0
10-10-16 07:00; 0,0; 97; 31; 5; 0,00; 16; 0,0
10-10-16 07:30; ; ; ; ; ; ; 0,0
10-10-16 08:00; 0,0; 48; 25; 6; 0,00; 14; 0,0
10-10-16 08:30; ; ; ; ; ; ; 0,0
10-10-16 09:00; 0,0; 68; 27; 10; 0,00; 16; 0,0
10-10-16 09:30; ; ; ; ; ; ; 0,0
10-10-16 10:00; 0,0; 68; 28; 14; 0,00; 17; 0,0
10-10-16 10:30; ; ; ; ; ; ; 0,0
10-10-16 11:00; 0,0; 63; 26; 18; 0,00; 13; 0,0
10-10-16 11:30; ; ; ; ; ; ; 0,0
10-10-16 12:00; 0,0; 39; 20; 30; 0,00; 14; 0,0
10-10-16 12:30; ; ; ; ; ; ; 0,0
10-10-16 13:00; 0,0; 63; 31; 31; 0,00; 15; 0,0
10-10-16 13:30; ; ; ; ; ; ; 0,0
10-10-16 14:00; 0,0; 63; 31; 31; 0,00; 14; 0,0
10-10-16 14:30; ; ; ; ; ; ; 0,0
10-10-16 15:00; 0,0; 0; 0; 37; 0,00; 13; 0,0
10-10-16 15:30; ; ; ; ; ; ; 0,0
10-10-16 16:00; 0,0; 5; 18; 29; 0,00; 16; 0,0
10-10-16 16:30; ; ; ; ; ; ; 0,0
10-10-16 17:00; 0,0; 58; 40; 23; 0,00; 14; 0,0
10-10-16 17:30; ; ; ; ; ; ; 0,0
10-10-16 18:00; 0,0; 89; 44; 27; 0,00; 10; 0,0
10-10-16 18:30; ; ; ; ; ; ; 0,0
10-10-16 19:00; 0,0; 84; 35; 28; 0,00; 10; 0,0
10-10-16 19:30; ; ; ; ; ; ; 0,0
10-10-16 20:00; 0,0; 59; 27; 28; 0,00; 15; 0,0
10-10-16 20:30; ; ; ; ; ; ; 0,0
10-10-16 21:00; 0,0; 32; 30; 38; 0,00; 16; 0,0
10-10-16 21:30; ; ; ; ; ; ; 0,0
10-10-16 22:00; 0,0; 64; 26; 37; 0,00; 17; 0,0
10-10-16 22:30; ; ; ; ; ; ; 0,0
10-10-16 23:00; 0,0; 34; 16; 22; 0,00; 20; 0,0
10-10-16 23:30; ; ; ; ; ; ; 0,0
11-10-16 00:00; 0,0; 19; 13; 10; 0,00; 26; 0,0
11-10-16 00:30; ; ; ; ; ; ; 0,0
11-10-16 01:00; 0,0; 12; 12; 18; 0,00; 22; 0,0
11-10-16 01:30; ; ; ; ; ; ; 0,0
11-10-16 02:00; 0,0; 15; 10; 7; 0,00; 18; 0,0
11-10-16 02:30; ; ; ; ; ; ; 0,0
11-10-16 03:00; 0,0; 25; 13; 6; 0,00; 16; 0,0
11-10-16 03:30; ; ; ; ; ; ; 0,0
11-10-16 04:00; 0,0; 18; 13; 5; 0,00; 14; 0,0
11-10-16 04:30; ; ; ; ; ; ; 0,0
11-10-16 05:00; 0,0; 29; 16; 5; 0,00; 17; 0,0
11-10-16 05:30; ; ; ; ; ; ; 0,0
11-10-16 06:00; 0,0; 11; 19; 5; 0,00; 19; 0,0
11-10-16 06:30; ; ; ; ; ; ; 0,0
11-10-16 07:00; 0,0; 14; 19; 5; 0,00; 20; 0,0
11-10-16 07:30; ; ; ; ; ; ; 0,0
11-10-16 08:00; 0,0; 6; 18; 6; 0,00; 23; 0,0
11-10-16 08:30; ; ; ; ; ; ; 0,0
11-10-16 09:00; 0,0; 40; 21; 7; 0,00; 24; 0,0
11-10-16 09:30; ; ; ; ; ; ; 0,0
11-10-16 10:00; 0,0; 9; 18; 7; 0,00; 21; 0,0
11-10-16 10:30; ; ; ; ; ; ; 0,0
11-10-16 11:00; 0,0; 49; 26; 8; 0,00; 17; 0,0
11-10-16 11:30; ; ; ; ; ; ; 0,0
11-10-16 12:00; 0,0; 47; 25; 12; 0,00; 14; 0,0
11-10-16 12:30; ; ; ; ; ; ; 0,0
11-10-16 13:00; 0,0; 20; 15; 13; 0,00; 12; 0,0
11-10-16 13:30; ; ; ; ; ; ; 0,0
11-10-16 14:00; 0,0; 24; 20; 27; 0,00; 14; 0,0
11-10-16 14:30; ; ; ; ; ; ; 0,0
11-10-16 15:00; 0,0; 22; 19; 26; 0,00; 14; 0,0
11-10-16 15:30; ; ; ; ; ; ; 0,0
11-10-16 16:00; 0,0; 14; 16; 23; 0,00; 18; 0,0
11-10-16 16:30; ; ; ; ; ; ; 0,0
11-10-16 17:00; 0,0; 18; 21; 20; 0,00; 15; 0,0
11-10-16 17:30; ; ; ; ; ; ; 0,0
11-10-16 18:00; 0,0; 16; 21; 21; 0,00; 14; 0,0
11-10-16 18:30; ; ; ; ; ; ; 0,0
11-10-16 19:00; 0,0; 3; 13; 10; 0,00; 15; 0,0
11-10-16 19:30; ; ; ; ; ; ; 0,0
11-10-16 20:00; 0,0; 1; 10; 13; 0,00; 24; 0,0
11-10-16 20:30; ; ; ; ; ; ; 0,0
11-10-16 21:00; 0,0; 1; 10; 24; 0,00; 14; 0,0
11-10-16 21:30; ; ; ; ; ; ; 0,0
11-10-16 22:00; 0,0; 1; 11; 18; 0,00; 14; 0,0
11-10-16 22:30; ; ; ; ; ; ; 0,0
11-10-16 23:00; 0,0; 1; 10; 12; 0,00; 11; 0,0
11-10-16 23:30; ; ; ; ; ; ; 0,0
12-10-16 00:00; 0,0; 1; 10; 9; 0,00; 14; 0,0
12-10-16 00:30; ; ; ; ; ; ; 0,0
12-10-16 01:00; 0,0; 1; 9; 9; 0,00; 14; 0,0
12-10-16 01:30; ; ; ; ; ; ; 0,0
12-10-16 02:00; 0,0; 1; 9; 10; 0,00; 10; 0,0
12-10-16 02:30; ; ; ; ; ; ; 0,0
12-10-16 03:00; 0,0; 1; 9; 10; 0,00; 5; 0,0
12-10-16 03:30; ; ; ; ; ; ; 0,0
12-10-16 04:00; 0,0; 1; 10; 9; 0,00; 5; 0,0
12-10-16 04:30; ; ; ; ; ; ; 0,0
12-10-16 05:00; 0,0; 1; 10; 9; 0,00; 4; 0,0
12-10-16 05:30; ; ; ; ; ; ; 0,0
12-10-16 06:00; 0,0; 1; 10; 8; 0,00; 6; 0,0
12-10-16 06:30; ; ; ; ; ; ; 0,0
12-10-16 07:00; 0,0; 3; 10; 5; 0,00; 7; 0,0
12-10-16 07:30; ; ; ; ; ; ; 0,0
12-10-16 08:00; 0,0; 2; 9; 6; 0,00; 6; 0,0
12-10-16 08:30; ; ; ; ; ; ; 0,0
12-10-16 09:00; 0,0; 2; 7; 7; 0,00; 7; 0,0
12-10-16 09:30; ; ; ; ; ; ; 0,0
12-10-16 10:00; 0,0; 2; 7; 9; 0,00; 8; 0,0
12-10-16 10:30; ; ; ; ; ; ; 0,0
12-10-16 11:00; 0,0; 2; 7; 10; 0,00; 8; 0,0
12-10-16 11:30; ; ; ; ; ; ; 0,0
12-10-16 12:00; 0,0; 2; 6; 11; 0,00; 7; 0,0
12-10-16 12:30; ; ; ; ; ; ; 0,0
12-10-16 13:00; 0,0; 2; 7; 17; 0,00; 6; 0,0
12-10-16 13:30; ; ; ; ; ; ; 0,0
12-10-16 14:00; 0,0; 1; 7; 12; 0,00; 6; 0,0
12-10-16 14:30; ; ; ; ; ; ; 0,0
12-10-16 15:00; 0,0; 4; 11; 11; 0,00; 6; 0,0
12-10-16 15:30; ; ; ; ; ; ; 0,0
12-10-16 16:00; 0,0; 6; 13; 12; 0,00; 6; 0,0
12-10-16 16:30; ; ; ; ; ; ; 0,0
12-10-16 17:00; 0,0; 1; 10; 11; 0,00; 5; 0,0
12-10-16 17:30; ; ; ; ; ; ; 0,0
12-10-16 18:00; 0,0; 1; 10; 9; 0,00; 5; 0,0
12-10-16 18:30; ; ; ; ; ; ; 0,0
12-10-16 19:00; 0,0; 3; 14; 9; 0,00; 8; 0,0
12-10-16 19:30; ; ; ; ; ; ; 0,0
12-10-16 20:00; 0,0; 2; 11; 9; 0,00; 7; 0,0
12-10-16 20:30; ; ; ; ; ; ; 0,0
12-10-16 21:00; 0,0; 1; 9; 8; 0,00; 6; 0,0
12-10-16 21:30; ; ; ; ; ; ; 0,0
12-10-16 22:00; 0,0; 1; 8; 7; 0,00; 6; 0,0
12-10-16 22:30; ; ; ; ; ; ; 0,0
12-10-16 23:00; 0,0; 1; 8; 10; 0,00; 6; 0,0
12-10-16 23:30; ; ; ; ; ; ; 0,0
13-10-16 00:00; 0,0; 1; 8; 11; 0,00; 6; 0,0
13-10-16 00:30; ; ; ; ; ; ; 0,0
13-10-16 01:00; 0,0; 1; 7; 12; 0,00; 8; 0,0
13-10-16 01:30; ; ; ; ; ; ; 0,0
13-10-16 02:00; 0,0; 1; 7; 12; 0,00; 6; 0,0
13-10-16 02:30; ; ; ; ; ; ; 0,0
13-10-16 03:00; 0,0; 1; 8; 17; 0,00; 8; 0,0
13-10-16 03:30; ; ; ; ; ; ; 0,0
13-10-16 04:00; 0,0; 1; 8; 16; 0,00; 7; 0,0
13-10-16 04:30; ; ; ; ; ; ; 0,0
13-10-16 05:00; 0,0; 1; 9; 15; 0,00; 8; 0,0
13-10-16 05:30; ; ; ; ; ; ; 0,0
13-10-16 06:00; 0,0; 1; 10; 12; 0,00; 7; 0,0
13-10-16 06:30; ; ; ; ; ; ; 0,0
13-10-16 07:00; 0,0; 1; 15; 12; 0,00; 7; 0,0
13-10-16 07:30; ; ; ; ; ; ; 0,0
13-10-16 08:00; 0,0; 1; 14; 13; 0,00; 9; 0,0
13-10-16 08:30; ; ; ; ; ; ; 0,0
13-10-16 09:00; 0,0; 2; 14; 15; 0,00; 9; 0,0
13-10-16 09:30; ; ; ; ; ; ; 0,0
13-10-16 10:00; 0,0; 2; 14; 21; 0,00; 8; 0,0
13-10-16 10:30; ; ; ; ; ; ; 0,0
13-10-16 11:00; 0,0; 3; 11; 26; 0,00; 9; 0,0
13-10-16 11:30; ; ; ; ; ; ; 0,0
13-10-16 12:00; 0,0; 2; 12; 28; 0,00; 9; 0,0
13-10-16 12:30; ; ; ; ; ; ; 0,0
13-10-16 13:00; 0,0; 2; 13; 29; 0,00; 9; 0,0
13-10-16 13:30; ; ; ; ; ; ; 0,0
13-10-16 14:00; 0,0; 3; 10; 33; 0,00; 11; 0,0
13-10-16 14:30; ; ; ; ; ; ; 0,0
13-10-16 15:00; 0,0; 2; 13; 31; 0,00; 12; 0,0
13-10-16 15:30; ; ; ; ; ; ; 0,0
13-10-16 16:00; 0,0; 2; 13; 25; 0,00; 14; 0,0
13-10-16 16:30; ; ; ; ; ; ; 0,0
13-10-16 17:00; 0,0; 1; 15; 21; 0,00; 14; 0,0
13-10-16 17:30; ; ; ; ; ; ; 0,0
13-10-16 18:00; 0,0; 1; 15; 19; 0,00; 12; 0,0
13-10-16 18:30; ; ; ; ; ; ; 0,0
13-10-16 19:00; 0,0; 1; 15; 21; 0,00; 12; 0,0
13-10-16 19:30; ; ; ; ; ; ; 0,0
13-10-16 20:00; 0,0; 1; 15; 22; 0,00; 14; 0,0
13-10-16 20:30; ; ; ; ; ; ; 0,0
13-10-16 21:00; 0,0; 1; 12; 25; 0,00; 16; 0,0
13-10-16 21:30; ; ; ; ; ; ; 0,0
13-10-16 22:00; 0,0; 1; 13; 27; 0,00; 12; 0,0
13-10-16 22:30; ; ; ; ; ; ; 0,0
13-10-16 23:00; 0,0; 1; 13; 26; 0,00; 13; 0,0
13-10-16 23:30; ; ; ; ; ; ; 0,0
14-10-16 00:00; 0,0; 1; 11; 26; 0,00; 14; 0,0
14-10-16 00:30; ; ; ; ; ; ; 0,0
14-10-16 01:00; 0,0; 1; 9; 26; 0,00; 15; 0,0
14-10-16 01:30; ; ; ; ; ; ; 0,0
14-10-16 02:00; 0,0; 1; 9; 25; 0,00; 14; 0,0
14-10-16 02:30; ; ; ; ; ; ; 0,0
14-10-16 03:00; 0,0; 1; 10; 25; 0,00; 16; 0,0
14-10-16 03:30; ; ; ; ; ; ; 0,0
14-10-16 04:00; 0,0; 1; 11; 23; 0,00; 16; 0,0
14-10-16 04:30; ; ; ; ; ; ; 0,0
14-10-16 05:00; 0,0; 1; 14; 19; 0,00; 13; 0,0
14-10-16 05:30; ; ; ; ; ; ; 0,0
14-10-16 06:00; 0,0; 1; 15; 18; 0,00; 17; 0,0
14-10-16 06:30; ; ; ; ; ; ; 0,0
14-10-16 07:00; 0,0; 2; 18; 17; 0,00; 26; 0,0
14-10-16 07:30; ; ; ; ; ; ; 0,0
14-10-16 08:00; 0,0; 4; 16; 20; 0,00; 25; 0,0
14-10-16 08:30; ; ; ; ; ; ; 0,0
14-10-16 09:00; 0,0; 5; 13; 19; 0,00; 22; 0,0
14-10-16 09:30; ; ; ; ; ; ; 0,0
14-10-16 10:00; 0,0; 9; 13; 29; 0,00; 20; 0,0
14-10-16 10:30; ; ; ; ; ; ; 0,0
14-10-16 11:00; 0,0; 4; 10; 31; 0,00; 16; 0,0
14-10-16 11:30; ; ; ; ; ; ; 0,0
14-10-16 12:00; 0,0; 4; 12; 36; 0,00; 16; 0,0
14-10-16 12:30; ; ; ; ; ; ; 0,0
14-10-16 13:00; 0,0; 4; 12; 38; 0,00; 18; 0,0
14-10-16 13:30; ; ; ; ; ; ; 0,0
14-10-16 14:00; 0,0; 2; 12; 38; 0,00; 16; 0,0
14-10-16 14:30; ; ; ; ; ; ; 0,0
14-10-16 15:00; 0,0; 2; 12; 42; 0,00; 18; 0,0
14-10-16 15:30; ; ; ; ; ; ; 0,0
14-10-16 16:00; 0,0; 2; 17; 41; 0,00; 20; 0,0
14-10-16 16:30; ; ; ; ; ; ; 0,0
14-10-16 17:00; 0,0; 1; 22; 42; 0,00; 19; 0,0
14-10-16 17:30; ; ; ; ; ; ; 0,0
14-10-16 18:00; 0,0; 1; 29; 41; 0,00; 19; 0,0
14-10-16 18:30; ; ; ; ; ; ; 0,0
14-10-16 19:00; 0,0; 37; 37; 41; 0,00; 21; 0,0
14-10-16 19:30; ; ; ; ; ; ; 0,0
14-10-16 20:00; 0,0; 50; 35; 45; 0,00; 31; 0,0
14-10-16 20:30; ; ; ; ; ; ; 0,0
14-10-16 21:00; 0,0; 50; 27; 47; 0,00; 27; 0,0
14-10-16 21:30; ; ; ; ; ; ; 0,0
14-10-16 22:00; 0,0; 69; 29; 49; 0,00; 22; 0,0
14-10-16 22:30; ; ; ; ; ; ; 0,0
14-10-16 23:00; 0,0; 43; 25; 47; 0,00; 30; 0,0
14-10-16 23:30; ; ; ; ; ; ; 0,0
15-10-16 00:00; 0,0; 34; 24; 48; 0,00; 31; 0,0
15-10-16 00:30; ; ; ; ; ; ; 0,0
15-10-16 01:00; 0,0; 28; 19; 47; 0,00; 24; 0,0
15-10-16 01:30; ; ; ; ; ; ; 0,0
15-10-16 02:00; 0,0; 25; 18; 47; 0,00; 22; 0,0
15-10-16 02:30; ; ; ; ; ; ; 0,0
15-10-16 03:00; 0,0; 17; 16; 47; 0,00; 20; 0,0
15-10-16 03:30; ; ; ; ; ; ; 0,0
15-10-16 04:00; 0,0; 21; 16; 46; 0,00; 22; 0,0
15-10-16 04:30; ; ; ; ; ; ; 0,0
15-10-16 05:00; 0,0; 34; 14; 46; 0,00; 24; 0,0
15-10-16 05:30; ; ; ; ; ; ; 0,0
15-10-16 06:00; 0,0; 55; 15; 44; 0,00; 25; 0,0
15-10-16 06:30; ; ; ; ; ; ; 0,0
15-10-16 07:00; 0,0; 86; 17; 40; 0,00; 24; 0,0
15-10-16 07:30; ; ; ; ; ; ; 0,0
15-10-16 08:00; 0,0; 61; 19; 31; 0,00; 31; 0,0
15-10-16 08:30; ; ; ; ; ; ; 0,0
15-10-16 09:00; 0,0; 59; 25; 29; 0,00; 31; 0,0
15-10-16 09:30; ; ; ; ; ; ; 0,0
15-10-16 10:00; 0,0; 27; 21; 33; 0,00; 33; 0,0
15-10-16 10:30; ; ; ; ; ; ; 0,0
15-10-16 11:00; 0,0; 28; 21; 31; 0,00; 30; 0,0
15-10-16 11:30; ; ; ; ; ; ; 0,0
15-10-16 12:00; 0,0; 54; 28; 28; 0,00; 31; 0,0
15-10-16 12:30; ; ; ; ; ; ; 0,0
15-10-16 13:00; 0,0; 36; 25; 29; 0,00; 23; 0,0
15-10-16 13:30; ; ; ; ; ; ; 0,0
15-10-16 14:00; 0,0; 35; 23; 27; 0,00; 19; 0,0
15-10-16 14:30; ; ; ; ; ; ; 0,0
15-10-16 15:00; 0,0; 37; 25; 17; 0,00; 14; 0,0
15-10-16 15:30; ; ; ; ; ; ; 0,0
15-10-16 16:00; 0,0; 37; 25; 12; 0,00; 12; 0,0
15-10-16 16:30; ; ; ; ; ; ; 0,0
15-10-16 17:00; 0,0; 62; 34; 13; 0,00; 13; 0,0
15-10-16 17:30; ; ; ; ; ; ; 0,0
15-10-16 18:00; 0,0; 45; 34; 12; 0,00; 22; 0,0
15-10-16 18:30; ; ; ; ; ; ; 0,0
15-10-16 19:00; 0,0; 37; 29; 13; 0,00; 12; 0,0
15-10-16 19:30; ; ; ; ; ; ; 0,0
15-10-16 20:00; 0,0; 40; 29; 12; 0,00; 18; 0,0
15-10-16 20:30; ; ; ; ; ; ; 0,0
15-10-16 21:00; 0,0; 48; 30; 10; 0,00; 23; 0,0
15-10-16 21:30; ; ; ; ; ; ; 0,0
15-10-16 22:00; 0,0; 19; 20; 8; 0,00; 23; 0,0
15-10-16 22:30; ; ; ; ; ; ; 0,0
15-10-16 23:00; 0,0; 30; 20; 6; 0,00; 22; 0,0
15-10-16 23:30; ; ; ; ; ; ; 0,0
16-10-16 00:00; 0,0; 50; 22; 7; 0,00; 28; 0,0
16-10-16 00:30; ; ; ; ; ; ; 0,0
16-10-16 01:00; 0,0; 56; 20; 6; 0,00; 27; 0,0
16-10-16 01:30; ; ; ; ; ; ; 0,0
16-10-16 02:00; 0,0; 31; 15; 5; 0,00; 23; 0,0
16-10-16 02:30; ; ; ; ; ; ; 0,0
16-10-16 03:00; 0,0; 32; 13; 5; 0,00; 23; 0,0
16-10-16 03:30; ; ; ; ; ; ; 0,0
16-10-16 04:00; 0,0; 14; 14; 6; 0,00; 21; 0,0
16-10-16 04:30; ; ; ; ; ; ; 0,0
16-10-16 05:00; 0,0; 31; 10; 5; 0,00; 19; 0,0
16-10-16 05:30; ; ; ; ; ; ; 0,0
16-10-16 06:00; 0,0; 31; 9; 5; 0,00; 16; 0,0
16-10-16 06:30; ; ; ; ; ; ; 0,0
16-10-16 07:00; 0,0; 32; 9; 5; 0,00; 16; 0,0
16-10-16 07:30; ; ; ; ; ; ; 0,0
16-10-16 08:00; 0,0; 62; 11; 6; 0,00; 18; 0,0
16-10-16 08:30; ; ; ; ; ; ; 0,0
16-10-16 09:00; 0,0; 54; 16; 9; 0,00; 22; 0,0
16-10-16 09:30; ; ; ; ; ; ; 0,0
16-10-16 10:00; 0,0; 72; 22; 12; 0,00; 17; 0,0
16-10-16 10:30; ; ; ; ; ; ; 0,0
16-10-16 11:00; 0,0; 40; 20; 18; 0,00; 13; 0,0
16-10-16 11:30; ; ; ; ; ; ; 0,0
16-10-16 12:00; 0,0; 14; 16; 24; 0,00; 9; 0,0
16-10-16 12:30; ; ; ; ; ; ; 0,0
16-10-16 13:00; 0,0; 10; 18; 30; 0,00; 5; 0,0
16-10-16 13:30; ; ; ; ; ; ; 0,0
16-10-16 14:00; 0,0; 10; 19; 37; 0,00; 8; 0,0
16-10-16 14:30; ; ; ; ; ; ; 0,0
16-10-16 15:00; 0,0; 4; 16; 50; 0,00; 7; 0,0
16-10-16 15:30; ; ; ; ; ; ; 0,0
16-10-16 16:00; 0,0; 6; 17; 43; 0,00; 7; 0,0
16-10-16 16:30; ; ; ; ; ; ; 0,0
16-10-16 17:00; 0,0; 2; 14; 37; 0,00; 6; 0,0
16-10-16 17:30; ; ; ; ; ; ; 0,0
16-10-16 18:00; 0,0; 1; 16; 26; 0,00; 7; 0,0
16-10-16 18:30; ; ; ; ; ; ; 0,0
16-10-16 19:00; 0,0; 1; 17; 16; 0,00; 11; 0,0
16-10-16 19:30; ; ; ; ; ; ; 0,0
16-10-16 20:00; 0,0; 1; 16; 12; 0,00; 13; 0,0
16-10-16 20:30; ; ; ; ; ; ; 0,0
16-10-16 21:00; 0,0; 1; 14; 11; 0,00; 16; 0,0
16-10-16 21:30; ; ; ; ; ; ; 0,0
16-10-16 22:00; 0,0; 1; 13; 11; 0,00; 21; 0,0
16-10-16 22:30; ; ; ; ; ; ; 0,0
16-10-16 23:00; 0,0; 1; 13; 8; 0,00; 33; 0,0
16-10-16 23:30; ; ; ; ; ; ; 0,0
17-10-16 00:00; 0,0; 1; 12; 6; 0,00; 29; 0,0
17-10-16 00:30; ; ; ; ; ; ; 0,0
17-10-16 01:00; 0,0; 1; 11; 5; 0,00; 25; 0,0
17-10-16 01:30; ; ; ; ; ; ; 0,0
17-10-16 02:00; 0,0; 1; 11; 5; 0,00; 22; 0,0
17-10-16 02:30; ; ; ; ; ; ; 0,0
17-10-16 03:00; 0,0; 1; 11; 5; 0,00; 18; 0,0
17-10-16 03:30; ; ; ; ; ; ; 0,0
17-10-16 04:00; 0,0; 1; 11; 5; 0,00; 15; 0,0
17-10-16 04:30; ; ; ; ; ; ; 0,0
17-10-16 05:00; 0,0; 1; 11; 5; 0,00; 14; 0,0
17-10-16 05:30; ; ; ; ; ; ; 0,0
17-10-16 06:00; 0,0; 1; 12; 8; 0,00; 19; 0,0
17-10-16 06:30; ; ; ; ; ; ; 0,0
17-10-16 07:00; 0,0; 2; 14; 7; 0,00; 24; 0,0
17-10-16 07:30; ; ; ; ; ; ; 0,0
17-10-16 08:00; 0,0; 5; 15; 7; 0,00; 38; 0,0
17-10-16 08:30; ; ; ; ; ; ; 0,0
17-10-16 09:00; 0,0; 7; 15; 9; 0,00; 35; 0,0
17-10-16 09:30; ; ; ; ; ; ; 0,0
17-10-16 10:00; 0,0; 9; 16; 21; 0,00; 35; 0,0
17-10-16 10:30; ; ; ; ; ; ; 0,0
17-10-16 11:00; 0,0; 23; 21; 24; 0,00; 42; 0,0
17-10-16 11:30; ; ; ; ; ; ; 0,0
17-10-16 12:00; 0,0; 18; 17; 24; 0,00; 30; 0,0
17-10-16 12:30; ; ; ; ; ; ; 0,0
17-10-16 13:00; 0,0; 4; 13; 29; 0,00; 18; 0,0
17-10-16 13:30; ; ; ; ; ; ; 0,0
17-10-16 14:00; 0,0; 6; 16; 29; 0,00; 15; 0,0
17-10-16 14:30; ; ; ; ; ; ; 0,0
17-10-16 15:00; 0,0; 28; 25; 28; 0,00; 17; 0,0
17-10-16 15:30; ; ; ; ; ; ; 0,0
17-10-16 16:00; 0,0; 44; 29; 25; 0,00; 20; 0,0
17-10-16 16:30; ; ; ; ; ; ; 0,0
17-10-16 17:00; 0,0; 10; 23; 19; 0,00; 18; 0,0
17-10-16 17:30; ; ; ; ; ; ; 0,0
17-10-16 18:00; 0,0; 4; 23; 11; 0,00; 24; 0,0
17-10-16 18:30; ; ; ; ; ; ; 0,0
17-10-16 19:00; 0,0; 4; 25; 12; 0,00; 41; 0,0
17-10-16 19:30; ; ; ; ; ; ; 0,0
17-10-16 20:00; 0,0; 8; 22; 17; 0,00; 52; 0,0
17-10-16 20:30; ; ; ; ; ; ; 0,0
17-10-16 21:00; 0,0; 4; 21; 19; 0,00; 40; 0,0
17-10-16 21:30; ; ; ; ; ; ; 0,0
17-10-16 22:00; 0,0; 24; 21; 25; 0,00; 31; 0,0
17-10-16 22:30; ; ; ; ; ; ; 0,0
17-10-16 23:00; 0,0; 45; 18; 28; 0,00; 26; 0,0
17-10-16 23:30; ; ; ; ; ; ; 0,0
18-10-16 00:00; 0,0; 27; 18; 29; 0,00; 23; 0,0
18-10-16 00:30; ; ; ; ; ; ; 0,0
18-10-16 01:00; 0,0; 3; 16; 28; 0,00; 21; 0,0
18-10-16 01:30; ; ; ; ; ; ; 0,0
18-10-16 02:00; 0,0; 1; 11; 24; 0,00; 20; 0,0
18-10-16 02:30; ; ; ; ; ; ; 0,0
18-10-16 03:00; 0,0; 10; 15; 20; 0,00; 21; 0,0
18-10-16 03:30; ; ; ; ; ; ; 0,0
18-10-16 04:00; 0,0; 10; 13; 19; 0,00; 23; 0,0
18-10-16 04:30; ; ; ; ; ; ; 0,0
18-10-16 05:00; 0,0; 22; 16; 16; 0,00; 25; 0,0
18-10-16 05:30; ; ; ; ; ; ; 0,0
18-10-16 06:00; 0,0; 41; 21; 8; 0,00; 26; 0,0
18-10-16 06:30; ; ; ; ; ; ; 0,0
18-10-16 07:00; 0,0; 84; 32; 6; 0,00; 31; 0,0
18-10-16 07:30; ; ; ; ; ; ; 0,0
18-10-16 08:00; 0,0; 80; 32; 6; 0,00; 33; 0,0
18-10-16 08:30; ; ; ; ; ; ; 0,0
18-10-16 09:00; 0,0; 97; 30; 7; 0,00; 32; 0,0
18-10-16 09:30; ; ; ; ; ; ; 0,0
18-10-16 10:00; 0,0; 67; 24; 7; 0,00; 31; 0,0
18-10-16 10:30; ; ; ; ; ; ; 0,0
18-10-16 11:00; 0,0; 75; 28; 7; 0,00; 29; 0,0
18-10-16 11:30; ; ; ; ; ; ; 0,0
18-10-16 12:00; 0,0; 46; 26; 7; 0,00; 14; 0,0
18-10-16 12:30; ; ; ; ; ; ; 0,0
18-10-16 13:00; 0,0; 59; 29; 8; 0,00; 11; 0,0
18-10-16 13:30; ; ; ; ; ; ; 0,0
18-10-16 14:00; 0,0; 64; 26; 7; 0,00; 11; 0,0
18-10-16 14:30; ; ; ; ; ; ; 0,0
18-10-16 15:00; 0,0; 69; 32; 7; 0,00; 15; 0,0
18-10-16 15:30; ; ; ; ; ; ; 0,0
18-10-16 16:00; 0,0; 73; 33; 7; 0,00; 15; 0,0
18-10-16 16:30; ; ; ; ; ; ; 0,0
18-10-16 17:00; 0,0; 62; 31; 7; 0,00; 15; 0,0
18-10-16 17:30; ; ; ; ; ; ; 0,0
18-10-16 18:00; 0,0; 49; 29; 5; 0,00; 18; 0,0
18-10-16 18:30; ; ; ; ; ; ; 0,0
18-10-16 19:00; 0,0; 22; 27; 5; 0,00; 10; 0,0
18-10-16 19:30; ; ; ; ; ; ; 0,0
18-10-16 20:00; 0,0; 14; 24; 5; 0,00; 15; 0,0
18-10-16 20:30; ; ; ; ; ; ; 0,0
18-10-16 21:00; 0,0; 12; 21; 5; 0,00; 21; 0,0
18-10-16 21:30; ; ; ; ; ; ; 0,0
18-10-16 22:00; 0,0; 19; 19; 5; 0,00; 20; 0,0
18-10-16 22:30; ; ; ; ; ; ; 0,0
18-10-16 23:00; 0,0; 5; 14; 5; 0,00; 16; 0,0
18-10-16 23:30; ; ; ; ; ; ; 0,0
19-10-16 00:00; 0,0; 2; 13; 5; 0,00; 14; 0,0
19-10-16 00:30; ; ; ; ; ; ; 0,0
19-10-16 01:00; 0,0; 2; 14; 6; 0,00; 12; 0,0
19-10-16 01:30; ; ; ; ; ; ; 0,0
19-10-16 02:00; 0,0; 4; 13; 15; 0,00; 11; 0,0
19-10-16 02:30; ; ; ; ; ; ; 0,0
19-10-16 03:00; 0,0; 4; 14; 17; 0,00; 6; 0,0
19-10-16 03:30; ; ; ; ; ; ; 0,0
19-10-16 04:00; 0,0; 10; 16; 11; 0,00; 4; 0,0
19-10-16 04:30; ; ; ; ; ; ; 0,0
19-10-16 05:00; 0,0; 37; 18; 24; 0,00; 6; 0,0
19-10-16 05:30; ; ; ; ; ; ; 0,0
19-10-16 06:00; 0,0; 44; 22; 19; 0,00; 7; 0,0
19-10-16 06:30; ; ; ; ; ; ; 0,0
19-10-16 07:00; 0,0; 74; 30; 9; 0,00; 7; 0,0
19-10-16 07:30; ; ; ; ; ; ; 0,0
19-10-16 08:00; 0,0; 73; 27; 6; 0,00; 7; 0,0
19-10-16 08:30; ; ; ; ; ; ; 0,0
19-10-16 09:00; 0,0; 49; 24; 10; 0,00; 10; 0,0
19-10-16 09:30; ; ; ; ; ; ; 0,0
19-10-16 10:00; 0,0; 79; 29; 16; 0,00; 8; 0,0
19-10-16 10:30; ; ; ; ; ; ; 0,0
19-10-16 11:00; 0,0; 102; 36; 20; 0,00; 7; 0,0
19-10-16 11:30; ; ; ; ; ; ; 0,0
19-10-16 12:00; 0,0; 45; 30; 37; 0,00; 5; 0,0
19-10-16 12:30; ; ; ; ; ; ; 0,0
19-10-16 13:00; 0,0; 72; 39; 33; 0,00; 5; 0,0
19-10-16 13:30; ; ; ; ; ; ; 0,0
19-10-16 14:00; 0,0; 85; 44; 35; 0,00; 5; 0,0
19-10-16 14:30; ; ; ; ; ; ; 0,0
19-10-16 15:00; 0,0; 80; 41; 35; 0,00; 6; 0,0
19-10-16 15:30; ; ; ; ; ; ; 0,0
19-10-16 16:00; 0,0; 62; 40; 27; 0,00; 7; 0,0
19-10-16 16:30; ; ; ; ; ; ; 0,0
19-10-16 17:00; 0,0; 37; 34; 24; 0,00; 7; 0,0
19-10-16 17:30; ; ; ; ; ; ; 0,0
19-10-16 18:00; 0,0; 39; 30; 16; 0,00; 7; 0,0
19-10-16 18:30; ; ; ; ; ; ; 0,0
19-10-16 19:00; 0,0; 89; 44; 16; 0,00; 9; 0,0
19-10-16 19:30; ; ; ; ; ; ; 0,0
19-10-16 20:00; 0,0; 79; 42; 28; 0,00; 7; 0,0
19-10-16 20:30; ; ; ; ; ; ; 0,0
19-10-16 21:00; 0,0; 31; 32; 29; 0,00; 6; 0,0
19-10-16 21:30; ; ; ; ; ; ; 0,0
19-10-16 22:00; 0,0; 24; 20; 34; 0,00; 6; 0,0
19-10-16 22:30; ; ; ; ; ; ; 0,0
19-10-16 23:00; 0,0; 5; 14; 38; 0,00; 6; 0,0
19-10-16 23:30; ; ; ; ; ; ; 0,0
20-10-16 00:00; 0,0; 5; 24; 39; 0,00; 5; 0,0
20-10-16 00:30; ; ; ; ; ; ; 0,0
20-10-16 01:00; 0,0; 6; 19; 41; 0,00; 4; 0,0
20-10-16 01:30; ; ; ; ; ; ; 0,0
20-10-16 02:00; 0,0; 4; 23; 37; 0,00; 5; 0,0
20-10-16 02:30; ; ; ; ; ; ; 0,0
20-10-16 03:00; 0,0; 5; 16; 35; 0,00; 5; 0,0
20-10-16 03:30; ; ; ; ; ; ; 0,0
20-10-16 04:00; 0,0; 22; 26; 33; 0,00; 3; 0,0
20-10-16 04:30; ; ; ; ; ; ; 0,0
20-10-16 05:00; 0,0; 47; 36; 19; 0,00; 4; 0,0
20-10-16 05:30; ; ; ; ; ; ; 0,0
20-10-16 06:00; 0,0; 68; 43; 15; 0,00; 7; 0,0
20-10-16 06:30; ; ; ; ; ; ; 0,0
20-10-16 07:00; 0,0; 71; 41; 13; 0,00; 13; 0,0
20-10-16 07:30; ; ; ; ; ; ; 0,0
20-10-16 08:00; 0,0; 47; 38; 17; 0,00; 18; 0,0
20-10-16 08:30; ; ; ; ; ; ; 0,0
20-10-16 09:00; 0,0; 32; 31; 22; 0,00; 13; 0,0
20-10-16 09:30; ; ; ; ; ; ; 0,0
20-10-16 10:00; 0,0; 29; 27; 33; 0,00; 13; 0,0
20-10-16 10:30; ; ; ; ; ; ; 0,0
20-10-16 11:00; 0,0; 59; 33; 26; 0,00; 12; 0,0
20-10-16 11:30; ; ; ; ; ; ; 0,0
20-10-16 12:00; 0,0; 55; 30; 29; 0,00; 10; 0,0
20-10-16 12:30; ; ; ; ; ; ; 0,0
20-10-16 13:00; 0,0; 65; 31; 34; 0,00; 12; 0,0
20-10-16 13:30; ; ; ; ; ; ; 0,0
20-10-16 14:00; 0,0; 61; 29; 42; 0,00; 11; 0,0
20-10-16 14:30; ; ; ; ; ; ; 0,0
20-10-16 15:00; 0,0; 73; 35; 35; 0,00; 10; 0,0
20-10-16 15:30; ; ; ; ; ; ; 0,0
20-10-16 16:00; 0,0; 70; 41; 30; 0,00; 10; 0,0
20-10-16 16:30; ; ; ; ; ; ; 0,0
20-10-16 17:00; 0,0; 53; 48; 23; 0,00; 7; 0,0
20-10-16 17:30; ; ; ; ; ; ; 0,0
20-10-16 18:00; 0,0; 134; 50; 16; 0,00; 7; 0,0
20-10-16 18:30; ; ; ; ; ; ; 0,0
20-10-16 19:00; 0,0; 117; 32; 17; 0,00; 9; 0,0
20-10-16 19:30; ; ; ; ; ; ; 0,0
20-10-16 20:00; 0,0; 81; 30; 17; 0,00; 7; 0,0
20-10-16 20:30; ; ; ; ; ; ; 0,0
20-10-16 21:00; 0,0; 105; 23; 20; 0,00; 5; 0,0
20-10-16 21:30; ; ; ; ; ; ; 0,0
20-10-16 22:00; 0,0; 163; 29; 30; 0,00; 6; 0,0
20-10-16 22:30; ; ; ; ; ; ; 0,0
20-10-16 23:00; 0,0; 21; 25; 34; 0,00; 6; 0,0
20-10-16 23:30; ; ; ; ; ; ; 0,0
21-10-16 00:00; 0,0; 4; 17; 27; 0,00; 7; 0,0
21-10-16 00:30; ; ; ; ; ; ; 0,0
21-10-16 01:00; 0,0; 10; 18; 27; 0,00; 7; 0,0
21-10-16 01:30; ; ; ; ; ; ; 0,0
21-10-16 02:00; 0,0; 18; 18; 22; 0,00; 7; 0,0
21-10-16 02:30; ; ; ; ; ; ; 0,0
21-10-16 03:00; 0,0; 21; 16; 19; 0,00; 8; 0,0
21-10-16 03:30; ; ; ; ; ; ; 0,0
21-10-16 04:00; 0,0; 6; 17; 15; 0,00; 8; 0,0
21-10-16 04:30; ; ; ; ; ; ; 0,0
21-10-16 05:00; 0,0; 44; 28; 9; 0,00; 10; 0,0
21-10-16 05:30; ; ; ; ; ; ; 0,0
21-10-16 06:00; 0,0; 22; 25; 6; 0,00; 14; 0,0
21-10-16 06:30; ; ; ; ; ; ; 0,0
21-10-16 07:00; 0,0; 49; 35; 6; 0,00; 14; 0,0
21-10-16 07:30; ; ; ; ; ; ; 0,0
21-10-16 08:00; 0,0; 56; 29; 7; 0,00; 14; 0,0
21-10-16 08:30; ; ; ; ; ; ; 0,0
21-10-16 09:00; 0,0; 81; 37; 8; 0,00; 12; 0,0
21-10-16 09:30; ; ; ; ; ; ; 0,0
21-10-16 10:00; 0,0; 59; 28; 11; 0,00; 12; 0,0
21-10-16 10:30; ; ; ; ; ; ; 0,0
21-10-16 11:00; 0,0; 64; 28; 13; 0,00; 14; 0,0
21-10-16 11:30; ; ; ; ; ; ; 0,0
21-10-16 12:00; 0,0; 57; 28; 21; 0,00; 10; 0,0
21-10-16 12:30; ; ; ; ; ; ; 0,0
21-10-16 13:00; 0,0; 44; 28; 29; 0,00; 8; 0,0
21-10-16 13:30; ; ; ; ; ; ; 0,0
21-10-16 14:00; 0,0; 69; 31; 34; 0,00; 10; 0,0
21-10-16 14:30; ; ; ; ; ; ; 0,0
21-10-16 15:00; 0,0; 81; 33; 19; 0,00; 11; 0,0
21-10-16 15:30; ; ; ; ; ; ; 0,0
21-10-16 16:00; 0,0; 84; 37; 16; 0,00; 9; 0,0
21-10-16 16:30; ; ; ; ; ; ; 0,0
21-10-16 17:00; 0,0; 80; 37; 17; 0,00; 9; 0,0
21-10-16 17:30; ; ; ; ; ; ; 0,0
21-10-16 18:00; 0,0; 80; 38; 16; 0,00; 12; 0,0
21-10-16 18:30; ; ; ; ; ; ; 0,0
21-10-16 19:00; 0,0; 48; 34; 12; 0,00; 12; 0,0
21-10-16 19:30; ; ; ; ; ; ; 0,0
21-10-16 20:00; 0,0; 43; 30; 9; 0,00; 17; 0,0
21-10-16 20:30; ; ; ; ; ; ; 0,0
21-10-16 21:00; 0,0; 55; 24; 6; 0,00; 16; 0,0
21-10-16 21:30; ; ; ; ; ; ; 0,0
21-10-16 22:00; 0,0; 65; 25; 5; 0,00; 18; 0,0
21-10-16 22:30; ; ; ; ; ; ; 0,0
21-10-16 23:00; 0,0; 40; 18; 6; 0,00; 15; 0,0
21-10-16 23:30; ; ; ; ; ; ; 0,0
22-10-16 00:00; 0,0; 26; 13; 7; 0,00; 13; 0,0
