Datum Zeit; BEN; NO; NO2; PM10; SO2; PM2.5; O3
; µg/m³; µg/m³; µg/m³; µg/m³; µg/m³; µg/m³; µg/m³
01-10-16 00:30; 0,0; 0; ; ; ; ; 
01-10-16 01:00; 1,3; 16; 15; 13; 0,0; 0,00; 7
01-10-16 01:30; 0,0; 0; ; ; ; ; 
01-10-16 02:00; 0,6; 9; 13; 13; 0,0; 0,00; 5
01-10-16 02:30; 0,0; 0; ; ; ; ; 
01-10-16 03:00; 1,0; 13; 12; 13; 0,0; 0,00; 3
01-10-16 03:30; 0,0; 0; ; ; ; ; 
01-10-16 04:00; 0,8; 22; 12; 13; 0,0; 0,00; 2
01-10-16 04:30; 0,0; 0; ; ; ; ; 
01-10-16 05:00; 0,9; 16; 14; 13; 0,0; 0,00; 3
01-10-16 05:30; 0,0; 0; ; ; ; ; 
01-10-16 06:00; 0,8; 4; 14; 13; 0,0; 0,00; 2
01-10-16 06:30; 0,0; 0; ; ; ; ; 
01-10-16 07:00; 0,8; 10; 17; 13; 0,0; 0,00; 3
01-10-16 07:30; 0,0; 0; ; ; ; ; 
01-10-16 08:00; 0,5; 15; 21; 13; 0,0; 0,00; 4
01-10-16 08:30; 0,0; 0; ; ; ; ; 
01-10-16 09:00; 0,5; 18; 23; 13; 0,0; 0,00; 9
01-10-16 09:30; 0,0; 0; ; ; ; ; 
01-10-16 10:00; 0,7; 16; 22; 13; 0,0; 0,00; 8
01-10-16 10:30; 0,0; 0; ; ; ; ; 
01-10-16 11:00; 0,9; 15; 26; 13; 0,0; 0,00; 7
01-10-16 11:30; 0,0; 0; ; ; ; ; 
01-10-16 12:00; 1,2; 13; 27; 13; 0,0; 0,00; 8
01-10-16 12:30; 0,0; 0; ; ; ; ; 
01-10-16 13:00; 1,3; 7; 20; 13; 0,0; 0,00; 17
01-10-16 13:30; 0,0; 0; ; ; ; ; 
01-10-16 14:00; 1,4; 9; 22; 13; 0,0; 0,00; 24
01-10-16 14:30; 0,0; 0; ; ; ; ; 
01-10-16 15:00; 1,4; 9; 26; 13; 0,0; 0,00; 24
01-10-16 15:30; 0,0; 0; ; ; ; ; 
01-10-16 16:00; 3,1; 5; 20; 13; 0,0; 0,00; 21
01-10-16 16:30; 0,0; 0; ; ; ; ; 
01-10-16 17:00; 5,3; 9; 29; 13; 0,0; 0,00; 15
01-10-16 17:30; 0,0; 0; ; ; ; ; 
01-10-16 18:00; 3,2; 12; 34; 13; 0,0; 0,00; 30
01-10-16 18:30; 0,0; 0; ; ; ; ; 
01-10-16 19:00; 2,0; 3; 15; 13; 0,0; 0,00; 67
01-10-16 19:30; 0,0; 0; ; ; ; ; 
01-10-16 20:00; 1,9; 6; 20; 13; 0,0; 0,00; 64
01-10-16 20:30; 0,0; 0; ; ; ; ; 
01-10-16 21:00; 2,3; 5; 12; 13; 0,0; 0,00; 55
01-10-16 21:30; 0,0; 0; ; ; ; ; 
01-10-16 22:00; 1,2; 4; 12; 13; 0,0; 0,00; 49
01-10-16 22:30; 0,0; 0; ; ; ; ; 
01-10-16 23:00; ; 3; 12; 13; 0,0; 0,00; 53
01-10-16 23:30; 0,0; 0; ; ; ; ; 
02-10-16 00:00; ; 2; 8; 13; 0,0; 0,00; 51
02-10-16 00:30; 0,0; 0; ; ; ; ; 
02-10-16 01:00; ; 2; 9; 8; 0,0; 0,00; 49
02-10-16 01:30; 0,0; 0; ; ; ; ; 
02-10-16 02:00; ; 3; 12; 8; 0,0; 0,00; 45
02-10-16 02:30; 0,0; 0; ; ; ; ; 
02-10-16 03:00; ; 2; 9; 8; 0,0; 0,00; 39
02-10-16 03:30; 0,0; 0; ; ; ; ; 
02-10-16 04:00; 0,6; 3; 10; 8; 0,0; 0,00; 29
02-10-16 04:30; 0,0; 0; ; ; ; ; 
02-10-16 05:00; 0,5; 6; 14; 8; 0,0; 0,00; 23
02-10-16 05:30; 0,0; 0; ; ; ; ; 
02-10-16 06:00; 0,3; 7; 11; 8; 0,0; 0,00; 24
02-10-16 06:30; 0,0; 0; ; ; ; ; 
02-10-16 07:00; 0,4; 15; 18; 8; 0,0; 0,00; 27
02-10-16 07:30; 0,0; 0; ; ; ; ; 
02-10-16 08:00; 0,4; 14; 20; 8; 0,0; 0,00; 32
02-10-16 08:30; 0,0; 0; ; ; ; ; 
02-10-16 09:00; 0,8; 9; 14; 8; 0,0; 0,00; 43
02-10-16 09:30; 0,0; 0; ; ; ; ; 
02-10-16 10:00; 0,7; 9; 12; 8; 0,0; 0,00; 49
02-10-16 10:30; 0,0; 0; ; ; ; ; 
02-10-16 11:00; 0,7; 8; 13; 8; 0,0; 0,00; 53
02-10-16 11:30; 0,0; 0; ; ; ; ; 
02-10-16 12:00; 0,7; 11; 19; 8; 0,0; 0,00; 60
02-10-16 12:30; 0,0; 0; ; ; ; ; 
02-10-16 13:00; 0,7; 11; 18; 8; 0,0; 0,00; 67
02-10-16 13:30; 0,0; 0; ; ; ; ; 
02-10-16 14:00; 1,1; 8; 15; 8; 0,0; 0,00; 73
02-10-16 14:30; 0,0; 0; ; ; ; ; 
02-10-16 15:00; 1,3; 13; 23; 8; 0,0; 0,00; 73
02-10-16 15:30; 0,0; 0; ; ; ; ; 
02-10-16 16:00; 1,0; 20; 30; 8; 0,0; 0,00; 70
02-10-16 16:30; 0,0; 0; ; ; ; ; 
02-10-16 17:00; 1,1; 17; 26; 8; 0,0; 0,00; 72
02-10-16 17:30; 0,0; 0; ; ; ; ; 
02-10-16 18:00; 1,3; 22; 29; 8; 0,0; 0,00; 66
02-10-16 18:30; 0,0; 0; ; ; ; ; 
02-10-16 19:00; 2,0; 18; 26; 8; 0,0; 0,00; 53
02-10-16 19:30; 0,0; 0; ; ; ; ; 
02-10-16 20:00; 1,7; 18; 24; 8; 0,0; 0,00; 34
02-10-16 20:30; 0,0; 0; ; ; ; ; 
02-10-16 21:00; 2,5; 11; 21; 8; 0,0; 0,00; 32
02-10-16 21:30; 0,0; 0; ; ; ; ; 
02-10-16 22:00; 1,8; 10; 20; 8; 0,0; 0,00; 44
02-10-16 22:30; 0,0; 0; ; ; ; ; 
02-10-16 23:00; 1,3; 9; 12; 8; 0,0; 0,00; 43
02-10-16 23:30; 0,0; 0; ; ; ; ; 
03-10-16 00:00; 1,6; 7; 10; 8; 0,0; 0,00; 39
03-10-16 00:30; 0,0; 0; ; ; ; ; 
03-10-16 01:00; 1,0; 2; 7; 11; 0,0; 0,00; 34
03-10-16 01:30; 0,0; 0; ; ; ; ; 
03-10-16 02:00; 0,5; 1; 4; 11; 0,0; 0,00; 40
03-10-16 02:30; 0,0; 0; ; ; ; ; 
03-10-16 03:00; 0,5; 1; 4; 11; 0,0; 0,00; 39
03-10-16 03:30; 0,0; 0; ; ; ; ; 
03-10-16 04:00; 0,3; 1; 5; 11; 0,0; 0,00; 38
03-10-16 04:30; 0,0; 0; ; ; ; ; 
03-10-16 05:00; 0,3; 3; 6; 11; 0,0; 0,00; 42
03-10-16 05:30; 0,0; 0; ; ; ; ; 
03-10-16 06:00; 0,5; 3; 10; 11; 0,0; 0,00; 42
03-10-16 06:30; 0,0; 0; ; ; ; ; 
03-10-16 07:00; 0,2; 9; 14; 11; 0,0; 0,00; 38
03-10-16 07:30; 0,0; 0; ; ; ; ; 
03-10-16 08:00; 0,3; 6; 12; 11; 0,0; 0,00; 33
03-10-16 08:30; 0,0; 0; ; ; ; ; 
03-10-16 09:00; 0,4; 12; 16; 11; 0,0; 0,00; 37
03-10-16 09:30; 0,0; 0; ; ; ; ; 
03-10-16 10:00; 0,8; 5; 8; 11; 0,0; 0,00; 38
03-10-16 10:30; 0,0; 0; ; ; ; ; 
03-10-16 11:00; 0,6; 3; 5; 11; 0,0; 0,00; 37
03-10-16 11:30; 0,0; 0; ; ; ; ; 
03-10-16 12:00; 0,8; 1; 3; 11; 0,0; 0,00; 31
03-10-16 12:30; 0,0; 0; ; ; ; ; 
03-10-16 13:00; 0,8; 2; 4; 11; 0,0; 0,00; 26
03-10-16 13:30; 0,0; 0; ; ; ; ; 
03-10-16 14:00; 0,8; 3; 5; 11; 0,0; 0,00; 26
03-10-16 14:30; 0,0; 0; ; ; ; ; 
03-10-16 15:00; 0,8; 3; 5; 11; 0,0; 0,00; 27
03-10-16 15:30; 0,0; 0; ; ; ; ; 
03-10-16 16:00; 0,8; 5; 9; 11; 0,0; 0,00; 28
03-10-16 16:30; 0,0; 0; ; ; ; ; 
03-10-16 17:00; 0,9; 7; 14; 11; 0,0; 0,00; 29
03-10-16 17:30; 0,0; 0; ; ; ; ; 
03-10-16 18:00; 0,8; 4; 12; 11; 0,0; 0,00; 31
03-10-16 18:30; 0,0; 0; ; ; ; ; 
03-10-16 19:00; 0,8; 3; 12; 11; 0,0; 0,00; 31
03-10-16 19:30; 0,0; 0; ; ; ; ; 
03-10-16 20:00; 0,8; 3; 9; 11; 0,0; 0,00; 31
03-10-16 20:30; 0,0; 0; ; ; ; ; 
03-10-16 21:00; 0,7; 2; 11; 11; 0,0; 0,00; 30
03-10-16 21:30; 0,0; 0; ; ; ; ; 
03-10-16 22:00; 0,6; 2; 8; 11; 0,0; 0,00; 26
03-10-16 22:30; 0,0; 0; ; ; ; ; 
03-10-16 23:00; 0,7; 1; 7; 11; 0,0; 0,00; 24
03-10-16 23:30; 0,0; 0; ; ; ; ; 
04-10-16 00:00; 0,4; 1; 8; 11; 0,0; 0,00; 23
04-10-16 00:30; 0,0; 0; ; ; ; ; 
04-10-16 01:00; 0,4; 2; 10; 12; 0,0; 0,00; 24
04-10-16 01:30; 0,0; 0; ; ; ; ; 
04-10-16 02:00; 0,3; 2; 9; 12; 0,0; 0,00; 30
04-10-16 02:30; 0,0; 0; ; ; ; ; 
04-10-16 03:00; 0,2; 2; 9; 12; 0,0; 0,00; 39
04-10-16 03:30; 0,0; 0; ; ; ; ; 
04-10-16 04:00; 0,3; 3; 12; 12; 0,0; 0,00; 33
04-10-16 04:30; 0,0; 0; ; ; ; ; 
04-10-16 05:00; 0,3; 7; 14; 12; 0,0; 0,00; 30
04-10-16 05:30; 0,0; 0; ; ; ; ; 
04-10-16 06:00; 0,6; 6; 15; 12; 0,0; 0,00; 34
04-10-16 06:30; 0,0; 0; ; ; ; ; 
04-10-16 07:00; 0,5; 26; 24; 12; 0,0; 0,00; 37
04-10-16 07:30; 0,0; 0; ; ; ; ; 
04-10-16 08:00; 0,5; 34; 26; 12; 0,0; 0,00; 37
04-10-16 08:30; 0,0; 0; ; ; ; ; 
04-10-16 09:00; 0,5; 20; 20; 12; 0,0; 0,00; 42
04-10-16 09:30; 0,0; 0; ; ; ; ; 
04-10-16 10:00; 0,3; 22; 22; 12; 0,0; 0,00; 
04-10-16 10:30; 0,0; 0; ; ; ; ; 
04-10-16 11:00; 0,3; 28; 22; 12; 0,0; 0,00; 53
04-10-16 11:30; 0,0; 0; ; ; ; ; 
04-10-16 12:00; 0,3; 16; 17; 12; 0,0; 0,00; 56
04-10-16 12:30; 0,0; 0; ; ; ; ; 
04-10-16 13:00; 0,2; 22; 17; 12; 0,0; 0,00; 62
04-10-16 13:30; 0,0; 0; ; ; ; ; 
04-10-16 14:00; 0,3; 33; 22; 12; 0,0; 0,00; 64
04-10-16 14:30; 0,0; 0; ; ; ; ; 
04-10-16 15:00; 0,5; 29; 22; 12; 0,0; 0,00; 69
04-10-16 15:30; 0,0; 0; ; ; ; ; 
04-10-16 16:00; 0,4; 30; 23; 12; 0,0; 0,00; 
04-10-16 16:30; 0,0; 0; ; ; ; ; 
04-10-16 17:00; 0,3; 28; 27; 12; 0,0; 0,00; 65
04-10-16 17:30; 0,0; 0; ; ; ; ; 
04-10-16 18:00; 0,6; 43; 44; 12; 0,0; 0,00; 56
04-10-16 18:30; 0,0; 0; ; ; ; ; 
04-10-16 19:00; 0,6; 59; 39; 12; 0,0; 0,00; 48
04-10-16 19:30; 0,0; 0; ; ; ; ; 
04-10-16 20:00; 0,4; 35; 21; 12; 0,0; 0,00; 44
04-10-16 20:30; 0,0; 0; ; ; ; ; 
04-10-16 21:00; 0,3; 32; 15; 12; 0,0; 0,00; 44
04-10-16 21:30; 0,0; 0; ; ; ; ; 
04-10-16 22:00; 0,3; 20; 12; 12; 0,0; 0,00; 46
04-10-16 22:30; 0,0; 0; ; ; ; ; 
04-10-16 23:00; 0,2; 15; 8; 12; 0,0; 0,00; 45
04-10-16 23:30; 0,0; 0; ; ; ; ; 
05-10-16 00:00; 0,1; 10; 10; 12; 0,0; 0,00; 53
05-10-16 00:30; 0,0; 0; ; ; ; ; 
05-10-16 01:00; 0,1; 2; 8; 8; 0,0; 0,00; 51
05-10-16 01:30; 0,0; 0; ; ; ; ; 
05-10-16 02:00; 0,1; 2; 6; 8; 0,0; 0,00; 48
05-10-16 02:30; 0,0; 0; ; ; ; ; 
05-10-16 03:00; 0,1; 1; 5; 8; 0,0; 0,00; 46
05-10-16 03:30; 0,0; 0; ; ; ; ; 
05-10-16 04:00; 0,1; 5; 9; 8; 0,0; 0,00; 40
05-10-16 04:30; 0,0; 0; ; ; ; ; 
05-10-16 05:00; 0,3; 34; 28; 8; 0,0; 0,00; 28
05-10-16 05:30; 0,0; 0; ; ; ; ; 
05-10-16 06:00; 0,7; 64; 34; 8; 0,0; 0,00; 22
05-10-16 06:30; 0,0; 0; ; ; ; ; 
05-10-16 07:00; 1,2; 80; 38; 8; 0,0; 0,00; 10
05-10-16 07:30; 0,0; 0; ; ; ; ; 
05-10-16 08:00; 1,2; 37; 29; 8; 0,0; 0,00; 14
05-10-16 08:30; 0,0; 0; ; ; ; ; 
05-10-16 09:00; 1,2; 30; 28; 8; 0,0; 0,00; 21
05-10-16 09:30; 0,0; 0; ; ; ; ; 
05-10-16 10:00; 0,9; 62; 38; 8; 0,0; 0,00; 37
05-10-16 10:30; 0,0; 0; ; ; ; ; 
05-10-16 11:00; 0,7; 60; 33; 8; 0,0; 0,00; 44
05-10-16 11:30; 0,0; 0; ; ; ; ; 
05-10-16 12:00; 0,6; 37; 23; 8; 0,0; 0,00; 46
05-10-16 12:30; 0,0; 0; ; ; ; ; 
05-10-16 13:00; 0,7; 54; 28; 8; 0,0; 0,00; 47
05-10-16 13:30; 0,0; 0; ; ; ; ; 
05-10-16 14:00; 0,7; 46; 29; 8; 0,0; 0,00; 46
05-10-16 14:30; 0,0; 0; ; ; ; ; 
05-10-16 15:00; 0,9; 18; 16; 8; 0,0; 0,00; 46
05-10-16 15:30; 0,0; 0; ; ; ; ; 
05-10-16 16:00; 1,1; 25; 21; 8; 0,0; 0,00; 45
05-10-16 16:30; 0,0; 0; ; ; ; ; 
05-10-16 17:00; 1,0; 12; 16; 8; 0,0; 0,00; 38
05-10-16 17:30; 0,0; 0; ; ; ; ; 
05-10-16 18:00; 0,8; 8; 15; 8; 0,0; 0,00; 38
05-10-16 18:30; 0,0; 0; ; ; ; ; 
05-10-16 19:00; ; 5; 9; 8; 0,0; 0,00; 43
05-10-16 19:30; 0,0; 0; ; ; ; ; 
05-10-16 20:00; ; 3; 8; 8; 0,0; 0,00; 43
05-10-16 20:30; 0,0; 0; ; ; ; ; 
05-10-16 21:00; ; 2; 6; 8; 0,0; 0,00; 45
05-10-16 21:30; 0,0; 0; ; ; ; ; 
05-10-16 22:00; ; 2; 6; 8; 0,0; 0,00; 46
05-10-16 22:30; 0,0; 0; ; ; ; ; 
05-10-16 23:00; ; 1; 4; 8; 0,0; 0,00; 48
05-10-16 23:30; 0,0; 0; ; ; ; ; 
06-10-16 00:00; 0,1; 1; 4; 8; 0,0; 0,00; 50
06-10-16 00:30; 0,0; 0; ; ; ; ; 
06-10-16 01:00; 0,1; 1; 3; 2; 0,0; 0,00; 48
06-10-16 01:30; 0,0; 0; ; ; ; ; 
06-10-16 02:00; 0,1; 1; 3; 1; 0,0; 0,00; 49
06-10-16 02:30; 0,0; 0; ; ; ; ; 
06-10-16 03:00; 0,1; 1; 3; 0; 0,0; 0,00; 49
06-10-16 03:30; 0,0; 0; ; ; ; ; 
06-10-16 04:00; 0,1; 2; 5; 0; 0,0; 0,00; 45
06-10-16 04:30; 0,0; 0; ; ; ; ; 
06-10-16 05:00; 0,2; 3; 7; 1; 0,0; 0,00; 41
06-10-16 05:30; 0,0; 0; ; ; ; ; 
06-10-16 06:00; 0,2; 9; 11; 1; 0,0; 0,00; 41
06-10-16 06:30; 0,0; 0; ; ; ; ; 
06-10-16 07:00; 0,6; 9; 15; 0; 0,0; 0,00; 37
06-10-16 07:30; 0,0; 0; ; ; ; ; 
06-10-16 08:00; 0,6; 10; 15; 0; 0,0; 0,00; 35
06-10-16 08:30; 0,0; 0; ; ; ; ; 
06-10-16 09:00; 0,8; 12; 18; 1; 0,0; 0,00; 32
06-10-16 09:30; 0,0; 0; ; ; ; ; 
06-10-16 10:00; 0,9; 15; 19; 2; 0,0; 0,00; 25
06-10-16 10:30; 0,0; 0; ; ; ; ; 
06-10-16 11:00; 0,9; 14; 19; 2; 0,0; 0,00; 25
06-10-16 11:30; 0,0; 0; ; ; ; ; 
06-10-16 12:00; 0,7; 17; 20; 3; 0,0; 0,00; 30
06-10-16 12:30; 0,0; 0; ; ; ; ; 
06-10-16 13:00; 0,9; 30; 24; 2; 0,0; 0,00; 27
06-10-16 13:30; 0,0; 0; ; ; ; ; 
06-10-16 14:00; 0,6; 42; 28; 2; 0,0; 0,00; 30
06-10-16 14:30; 0,0; 0; ; ; ; ; 
06-10-16 15:00; 1,1; 26; 24; 4; 0,0; 0,00; 29
06-10-16 15:30; 0,0; 0; ; ; ; ; 
06-10-16 16:00; 0,8; 44; 28; 5; 0,0; 0,00; 29
06-10-16 16:30; 0,0; 0; ; ; ; ; 
06-10-16 17:00; 0,9; 33; 27; 7; 0,0; 0,00; 32
06-10-16 17:30; 0,0; 0; ; ; ; ; 
06-10-16 18:00; 1,2; 20; 21; 3; 0,0; 0,00; 30
06-10-16 18:30; 0,0; 0; ; ; ; ; 
06-10-16 19:00; 0,9; 15; 19; 4; 0,0; 0,00; 30
06-10-16 19:30; 0,0; 0; ; ; ; ; 
06-10-16 20:00; 0,7; 7; 13; 4; 0,0; 0,00; 27
06-10-16 20:30; 0,0; 0; ; ; ; ; 
06-10-16 21:00; 0,9; 6; 10; 4; 0,0; 0,00; 26
06-10-16 21:30; 0,0; 0; ; ; ; ; 
06-10-16 22:00; 0,5; 6; 10; 2; 0,0; 0,00; 25
06-10-16 22:30; 0,0; 0; ; ; ; ; 
06-10-16 23:00; 0,5; 2; 7; 2; 0,0; 0,00; 23
06-10-16 23:30; 0,0; 0; ; ; ; ; 
07-10-16 00:00; 0,4; 1; 5; 1; 0,0; 0,00; 22
07-10-16 00:30; 0,0; 0; ; ; ; ; 
07-10-16 01:00; 0,4; 1; 5; 1; 0,0; 0,00; 17
07-10-16 01:30; 0,0; 0; ; ; ; ; 
07-10-16 02:00; 0,3; 2; 6; 1; 0,0; 0,00; 15
07-10-16 02:30; 0,0; 0; ; ; ; ; 
07-10-16 03:00; 0,3; 3; 8; 2; 0,0; 0,00; 14
07-10-16 03:30; 0,0; 0; ; ; ; ; 
07-10-16 04:00; 0,4; 12; 12; 1; 0,0; 0,00; 11
07-10-16 04:30; 0,0; 0; ; ; ; ; 
07-10-16 05:00; 0,4; 44; 18; 4; 0,0; 0,00; 8
07-10-16 05:30; 0,0; 0; ; ; ; ; 
07-10-16 06:00; 0,5; 104; 29; 4; 0,0; 0,00; 7
07-10-16 06:30; 0,0; 0; ; ; ; ; 
07-10-16 07:00; 0,9; 91; 29; 4; 0,0; 0,00; 4
07-10-16 07:30; 0,0; 0; ; ; ; ; 
07-10-16 08:00; 0,9; 129; 32; 4; 0,0; 0,00; 8
07-10-16 08:30; 0,0; 0; ; ; ; ; 
07-10-16 09:00; 0,8; 84; 28; 6; 0,0; 0,00; 9
07-10-16 09:30; 0,0; 0; ; ; ; ; 
07-10-16 10:00; 0,7; 117; 31; 7; 0,0; 0,00; 13
07-10-16 10:30; 0,0; 0; ; ; ; ; 
07-10-16 11:00; 1,1; 96; 29; 8; 0,0; 0,00; 12
07-10-16 11:30; 0,0; 0; ; ; ; ; 
07-10-16 12:00; 0,6; 90; 28; 8; 0,0; 0,00; 16
07-10-16 12:30; 0,0; 0; ; ; ; ; 
07-10-16 13:00; 0,8; 90; 27; 7; 0,0; 0,00; 17
07-10-16 13:30; 0,0; 0; ; ; ; ; 
07-10-16 14:00; 1,2; 111; 27; 7; 0,0; 0,00; 17
07-10-16 14:30; 0,0; 0; ; ; ; ; 
07-10-16 15:00; 1,8; 72; 26; 7; 0,0; 0,00; 19
07-10-16 15:30; 0,0; 0; ; ; ; ; 
07-10-16 16:00; 0,7; 28; 17; 8; 0,0; 0,00; 20
07-10-16 16:30; 0,0; 0; ; ; ; ; 
07-10-16 17:00; 1,7; 36; 21; 8; 0,0; 0,00; 20
07-10-16 17:30; 0,0; 0; ; ; ; ; 
07-10-16 18:00; 2,2; 39; 26; 11; 0,0; 0,00; 14
07-10-16 18:30; 0,0; 0; ; ; ; ; 
07-10-16 19:00; 1,1; 15; 21; 8; 0,0; 0,00; 8
07-10-16 19:30; 0,0; 0; ; ; ; ; 
07-10-16 20:00; 0,9; 14; 17; 8; 0,0; 0,00; 3
07-10-16 20:30; 0,0; 0; ; ; ; ; 
07-10-16 21:00; 2,1; 24; 14; 8; 0,0; 0,00; 2
07-10-16 21:30; 0,0; 0; ; ; ; ; 
07-10-16 22:00; 1,6; 32; 14; 6; 0,0; 0,00; 2
07-10-16 22:30; 0,0; 0; ; ; ; ; 
07-10-16 23:00; 0,9; 17; 12; 8; 0,0; 0,00; 11
07-10-16 23:30; 0,0; 0; ; ; ; ; 
08-10-16 00:00; 0,7; 16; 12; 8; 0,0; 0,00; 19
08-10-16 00:30; 0,0; 0; ; ; ; ; 
08-10-16 01:00; 0,4; 24; 12; 7; 0,0; 0,00; 20
08-10-16 01:30; 0,0; 0; ; ; ; ; 
08-10-16 02:00; 0,4; 5; 14; 7; 0,0; 0,00; 24
08-10-16 02:30; 0,0; 0; ; ; ; ; 
08-10-16 03:00; 0,4; 2; 14; 7; 0,0; 0,00; 23
08-10-16 03:30; 0,0; 0; ; ; ; ; 
08-10-16 04:00; 0,3; 8; 11; 6; 0,0; 0,00; 25
08-10-16 04:30; 0,0; 0; ; ; ; ; 
08-10-16 05:00; 0,3; 3; 9; 3; 0,0; 0,00; 28
08-10-16 05:30; 0,0; 0; ; ; ; ; 
08-10-16 06:00; 0,3; 7; 12; 3; 0,0; 0,00; 27
08-10-16 06:30; 0,0; 0; ; ; ; ; 
08-10-16 07:00; 0,6; 3; 13; 5; 0,0; 0,00; 25
08-10-16 07:30; 0,0; 0; ; ; ; ; 
08-10-16 08:00; 0,5; 14; 18; 6; 0,0; 0,00; 26
08-10-16 08:30; 0,0; 0; ; ; ; ; 
08-10-16 09:00; 0,5; 17; 18; 6; 0,0; 0,00; 31
08-10-16 09:30; 0,0; 0; ; ; ; ; 
08-10-16 10:00; 0,8; 16; 16; 6; 0,0; 0,00; 33
08-10-16 10:30; 0,0; 0; ; ; ; ; 
08-10-16 11:00; 1,2; 45; 34; 7; 0,0; 0,00; 35
08-10-16 11:30; 0,0; 0; ; ; ; ; 
08-10-16 12:00; 1,5; 51; 34; 11; 0,0; 0,00; 42
08-10-16 12:30; 0,0; 0; ; ; ; ; 
08-10-16 13:00; 1,3; 16; 19; 17; 0,0; 0,00; 45
08-10-16 13:30; 0,0; 0; ; ; ; ; 
08-10-16 14:00; 1,8; 14; 18; 11; 0,0; 0,00; 39
08-10-16 14:30; 0,0; 0; ; ; ; ; 
08-10-16 15:00; 1,6; 8; 16; 6; 0,0; 0,00; 38
08-10-16 15:30; 0,0; 0; ; ; ; ; 
08-10-16 16:00; 1,6; 10; 14; 6; 0,0; 0,00; 35
08-10-16 16:30; 0,0; 0; ; ; ; ; 
08-10-16 17:00; 2,0; 15; 20; 8; 0,0; 0,00; 40
08-10-16 17:30; 0,0; 0; ; ; ; ; 
08-10-16 18:00; 1,7; 17; 23; 9; 0,0; 0,00; 40
08-10-16 18:30; 0,0; 0; ; ; ; ; 
08-10-16 19:00; 1,7; 6; 17; 9; 0,0; 0,00; 27
08-10-16 19:30; 0,0; 0; ; ; ; ; 
08-10-16 20:00; 1,7; 5; 18; 7; 0,0; 0,00; 32
08-10-16 20:30; 0,0; 0; ; ; ; ; 
08-10-16 21:00; 0,9; 7; 17; 8; 0,0; 0,00; 31
08-10-16 21:30; 0,0; 0; ; ; ; ; 
08-10-16 22:00; 1,2; 5; 13; 6; 0,0; 0,00; 31
08-10-16 22:30; 0,0; 0; ; ; ; ; 
08-10-16 23:00; 1,1; 4; 10; 6; 0,0; 0,00; 33
08-10-16 23:30; 0,0; 0; ; ; ; ; 
09-10-16 00:00; 0,5; 1; 7; 6; 0,0; 0,00; 32
09-10-16 00:30; 0,0; 0; ; ; ; ; 
09-10-16 01:00; 0,4; 1; 6; 6; 0,0; 0,00; 31
09-10-16 01:30; 0,0; 0; ; ; ; ; 
09-10-16 02:00; 0,5; 1; 5; 5; 0,0; 0,00; 31
09-10-16 02:30; 0,0; 0; ; ; ; ; 
09-10-16 03:00; 0,4; 1; 6; 5; 0,0; 0,00; 32
09-10-16 03:30; 0,0; 0; ; ; ; ; 
09-10-16 04:00; 0,4; 1; 5; 4; 0,0; 0,00; 33
09-10-16 04:30; 0,0; 0; ; ; ; ; 
09-10-16 05:00; 0,4; 1; 5; 4; 0,0; 0,00; 29
09-10-16 05:30; 0,0; 0; ; ; ; ; 
09-10-16 06:00; 0,5; 1; 6; 2; 0,0; 0,00; 26
09-10-16 06:30; 0,0; 0; ; ; ; ; 
09-10-16 07:00; 0,4; 2; 9; 3; 0,0; 0,00; 27
09-10-16 07:30; 0,0; 0; ; ; ; ; 
09-10-16 08:00; 0,5; 2; 7; 6; 0,0; 0,00; 27
09-10-16 08:30; 0,0; 0; ; ; ; ; 
09-10-16 09:00; 0,8; 7; 10; 7; 0,0; 0,00; 32
09-10-16 09:30; 0,0; 0; ; ; ; ; 
09-10-16 10:00; 0,6; 24; 18; 5; 0,0; 0,00; 38
09-10-16 10:30; 0,0; 0; ; ; ; ; 
09-10-16 11:00; 0,7; 20; 16; 6; 0,0; 0,00; 43
09-10-16 11:30; 0,0; 0; ; ; ; ; 
09-10-16 12:00; 0,9; 4; 6; 8; 0,0; 0,00; 42
09-10-16 12:30; 0,0; 0; ; ; ; ; 
09-10-16 13:00; 0,8; 6; 10; 7; 0,0; 0,00; 46
09-10-16 13:30; 0,0; 0; ; ; ; ; 
09-10-16 14:00; 1,2; 5; 9; 5; 0,0; 0,00; 46
09-10-16 14:30; 0,0; 0; ; ; ; ; 
09-10-16 15:00; ; 4; 5; 7; 0,0; 0,00; 42
09-10-16 15:30; 0,0; 0; ; ; ; ; 
09-10-16 16:00; ; 4; 6; 6; 0,0; 0,00; 41
09-10-16 16:30; 0,0; 0; ; ; ; ; 
09-10-16 17:00; ; 22; 22; 5; 0,0; 0,00; 32
09-10-16 17:30; 0,0; 0; ; ; ; ; 
09-10-16 18:00; ; 21; 28; 6; 0,0; 0,00; 27
09-10-16 18:30; 0,0; 0; ; ; ; ; 
09-10-16 19:00; ; 41; 21; 5; 0,0; 0,00; 25
09-10-16 19:30; 0,0; 0; ; ; ; ; 
09-10-16 20:00; 1,4; 29; 15; 8; 0,0; 0,00; 16
09-10-16 20:30; 0,0; 0; ; ; ; ; 
09-10-16 21:00; 1,6; 22; 14; 13; 0,0; 0,00; 20
09-10-16 21:30; 0,0; 0; ; ; ; ; 
09-10-16 22:00; 1,0; 15; 13; 11; 0,0; 0,00; 15
09-10-16 22:30; 0,0; 0; ; ; ; ; 
09-10-16 23:00; 1,9; 15; 10; 9; 0,0; 0,00; 12
09-10-16 23:30; 0,0; 0; ; ; ; ; 
10-10-16 00:00; 1,6; 8; 12; 6; 0,0; 0,00; 6
10-10-16 00:30; 0,0; 0; ; ; ; ; 
10-10-16 01:00; 1,1; 12; 11; 4; 0,0; 0,00; 4
10-10-16 01:30; 0,0; 0; ; ; ; ; 
10-10-16 02:00; 1,0; 12; 10; 6; 0,0; 0,00; 5
10-10-16 02:30; 0,0; 0; ; ; ; ; 
10-10-16 03:00; 0,7; 50; 11; 5; 0,0; 0,00; 3
10-10-16 03:30; 0,0; 0; ; ; ; ; 
10-10-16 04:00; 0,7; 48; 14; 5; 0,0; 0,00; 4
10-10-16 04:30; 0,0; 0; ; ; ; ; 
10-10-16 05:00; 1,2; 73; 18; 5; 0,0; 0,00; 4
10-10-16 05:30; 0,0; 0; ; ; ; ; 
10-10-16 06:00; 1,4; 137; 24; 4; 0,0; 0,00; 2
10-10-16 06:30; 0,0; 0; ; ; ; ; 
10-10-16 07:00; 2,8; 143; 27; 5; 0,0; 0,00; 2
10-10-16 07:30; 0,0; 0; ; ; ; ; 
10-10-16 08:00; 1,9; 160; 27; 6; 0,0; 0,00; 3
10-10-16 08:30; 0,0; 0; ; ; ; ; 
10-10-16 09:00; 1,9; 89; 22; 9; 0,0; 0,00; 
10-10-16 09:30; 0,0; 0; ; ; ; ; 
10-10-16 10:00; 2,4; 68; 20; 15; 0,0; 0,00; 
10-10-16 10:30; 0,0; 0; ; ; ; ; 
10-10-16 11:00; 1,9; 43; 27; 13; 0,0; 0,00; 
10-10-16 11:30; 0,0; 0; ; ; ; ; 
10-10-16 12:00; 1,6; 45; 27; 5; 0,0; 0,00; 29
10-10-16 12:30; 0,0; 0; ; ; ; ; 
10-10-16 13:00; 1,3; 35; 24; 8; 0,0; 0,00; 32
10-10-16 13:30; 0,0; 0; ; ; ; ; 
10-10-16 14:00; 1,8; 61; 32; 6; 0,0; 0,00; 38
10-10-16 14:30; 0,0; 0; ; ; ; ; 
10-10-16 15:00; 1,4; 50; 28; ; 0,0; 0,00; 40
10-10-16 15:30; 0,0; 0; ; ; ; ; 
10-10-16 16:00; 1,4; 63; 45; 8; 0,0; 0,00; 32
10-10-16 16:30; 0,0; 0; ; ; ; ; 
10-10-16 17:00; 1,0; 60; 40; 8; 0,0; 0,00; 26
10-10-16 17:30; 0,0; 0; ; ; ; ; 
10-10-16 18:00; 2,4; 58; 37; 11; 0,0; 0,00; 19
10-10-16 18:30; 0,0; 0; ; ; ; ; 
10-10-16 19:00; 3,1; 32; 30; 8; 0,0; 0,00; 10
10-10-16 19:30; 0,0; 0; ; ; ; ; 
10-10-16 20:00; 2,4; 24; 29; 9; 0,0; 0,00; 4
10-10-16 20:30; 0,0; 0; ; ; ; ; 
10-10-16 21:00; 3,3; 18; 23; 8; 0,0; 0,00; 5
10-10-16 21:30; 0,0; 0; ; ; ; ; 
10-10-16 22:00; 2,3; 27; 15; 9; 0,0; 0,00; 3
10-10-16 22:30; 0,0; 0; ; ; ; ; 
10-10-16 23:00; 2,0; 24; 12; 9; 0,0; 0,00; 2
10-10-16 23:30; 0,0; 0; ; ; ; ; 
11-10-16 00:00; 2,0; 14; 9; 8; 0,0; 0,00; 2
11-10-16 00:30; 0,0; 0; ; ; ; ; 
11-10-16 01:00; 1,8; 12; 8; 7; 0,0; 0,00; 2
11-10-16 01:30; 0,0; 0; ; ; ; ; 
11-10-16 02:00; 1,8; 13; 8; 6; 0,0; 0,00; 2
11-10-16 02:30; 0,0; 0; ; ; ; ; 
11-10-16 03:00; 1,3; 12; 9; 7; 0,0; 0,00; 2
11-10-16 03:30; 0,0; 0; ; ; ; ; 
11-10-16 04:00; 1,1; 53; 10; 6; 0,0; 0,00; 2
11-10-16 04:30; 0,0; 0; ; ; ; ; 
11-10-16 05:00; 1,3; 85; 21; 7; 0,0; 0,00; 2
11-10-16 05:30; 0,0; 0; ; ; ; ; 
11-10-16 06:00; 1,4; 73; 31; 7; 0,0; 0,00; 1
11-10-16 06:30; 0,0; 0; ; ; ; ; 
11-10-16 07:00; 2,7; 44; 31; 10; 0,0; 0,00; 2
11-10-16 07:30; 0,0; 0; ; ; ; ; 
11-10-16 08:00; 2,5; 74; 30; 8; 0,0; 0,00; 3
11-10-16 08:30; 0,0; 0; ; ; ; ; 
11-10-16 09:00; 2,0; 52; 30; 9; 0,0; 0,00; 3
11-10-16 09:30; 0,0; 0; ; ; ; ; 
11-10-16 10:00; 2,1; 38; 26; 11; 0,0; 0,00; 5
11-10-16 10:30; 0,0; 0; ; ; ; ; 
11-10-16 11:00; 1,3; 55; 32; 8; 0,0; 0,00; 13
11-10-16 11:30; 0,0; 0; ; ; ; ; 
11-10-16 12:00; 0,8; 33; 23; 8; 0,0; 0,00; 18
11-10-16 12:30; 0,0; 0; ; ; ; ; 
11-10-16 13:00; 0,7; 27; 22; 8; 0,0; 0,00; 21
11-10-16 13:30; 0,0; 0; ; ; ; ; 
11-10-16 14:00; 1,2; 40; 26; 8; 0,0; 0,00; 19
11-10-16 14:30; 0,0; 0; ; ; ; ; 
11-10-16 15:00; 1,4; 38; 26; 10; 0,0; 0,00; 16
11-10-16 15:30; 0,0; 0; ; ; ; ; 
11-10-16 16:00; 1,8; 88; 43; 11; 0,0; 0,00; 20
11-10-16 16:30; 0,0; 0; ; ; ; ; 
11-10-16 17:00; 1,7; 47; 35; 12; 0,0; 0,00; 10
11-10-16 17:30; 0,0; 0; ; ; ; ; 
11-10-16 18:00; 1,8; 48; 39; 13; 0,0; 0,00; 12
11-10-16 18:30; 0,0; 0; ; ; ; ; 
11-10-16 19:00; 2,8; 45; 36; 15; 0,0; 0,00; 10
11-10-16 19:30; 0,0; 0; ; ; ; ; 
11-10-16 20:00; 1,9; 19; 26; 15; 0,0; 0,00; 10
11-10-16 20:30; 0,0; 0; ; ; ; ; 
11-10-16 21:00; 1,1; 17; 25; 13; 0,0; 0,00; 9
11-10-16 21:30; 0,0; 0; ; ; ; ; 
11-10-16 22:00; 0,8; 9; 18; 14; 0,0; 0,00; 9
11-10-16 22:30; 0,0; 0; ; ; ; ; 
11-10-16 23:00; 0,9; 7; 15; 11; 0,0; 0,00; 9
11-10-16 23:30; 0,0; 0; ; ; ; ; 
12-10-16 00:00; 0,8; 3; 12; 9; 0,0; 0,00; 6
12-10-16 00:30; 0,0; 0; ; ; ; ; 
12-10-16 01:00; 0,7; 3; 11; 9; 0,0; 0,00; 5
12-10-16 01:30; 0,0; 0; ; ; ; ; 
12-10-16 02:00; 0,7; 7; 13; 9; 0,0; 0,00; 5
12-10-16 02:30; 0,0; 0; ; ; ; ; 
12-10-16 03:00; 0,8; 8; 17; 8; 0,0; 0,00; 6
12-10-16 03:30; 0,0; 0; ; ; ; ; 
12-10-16 04:00; 0,8; 4; 14; 8; 0,0; 0,00; 6
12-10-16 04:30; 0,0; 0; ; ; ; ; 
12-10-16 05:00; 0,8; 20; 13; 8; 0,0; 0,00; 5
12-10-16 05:30; 0,0; 0; ; ; ; ; 
12-10-16 06:00; 0,9; 36; 17; 8; 0,0; 0,00; 4
12-10-16 06:30; 0,0; 0; ; ; ; ; 
12-10-16 07:00; 1,1; 64; 21; 9; 0,0; 0,00; 3
12-10-16 07:30; 0,0; 0; ; ; ; ; 
12-10-16 08:00; 1,1; 114; 26; 10; 0,0; 0,00; 4
12-10-16 08:30; 0,0; 0; ; ; ; ; 
12-10-16 09:00; 1,3; 73; 22; 7; 0,0; 0,00; 4
12-10-16 09:30; 0,0; 0; ; ; ; ; 
12-10-16 10:00; 1,3; 84; 20; 4; 0,0; 0,00; 5
12-10-16 10:30; 0,0; 0; ; ; ; ; 
12-10-16 11:00; 1,3; 80; 22; 5; 0,0; 0,00; 7
12-10-16 11:30; 0,0; 0; ; ; ; ; 
12-10-16 12:00; 1,2; 67; 23; 4; 0,0; 0,00; 5
12-10-16 12:30; 0,0; 0; ; ; ; ; 
12-10-16 13:00; 1,3; 65; 22; 4; 0,0; 0,00; 6
12-10-16 13:30; 0,0; 0; ; ; ; ; 
12-10-16 14:00; 1,4; 74; 23; ; 0,0; 0,00; 8
12-10-16 14:30; 0,0; 0; ; ; ; ; 
12-10-16 15:00; 1,6; 112; 30; ; 0,0; 0,00; 8
12-10-16 15:30; 0,0; 0; ; ; ; ; 
12-10-16 16:00; 1,3; 76; 25; 10; 0,0; 0,00; 8
12-10-16 16:30; 0,0; 0; ; ; ; ; 
12-10-16 17:00; 1,2; 66; 26; 10; 0,0; 0,00; 10
12-10-16 17:30; 0,0; 0; ; ; ; ; 
12-10-16 18:00; 1,3; 46; 26; 12; 0,0; 0,00; 6
12-10-16 18:30; 0,0; 0; ; ; ; ; 
12-10-16 19:00; 1,5; 38; 25; 12; 0,0; 0,00; 5
12-10-16 19:30; 0,0; 0; ; ; ; ; 
12-10-16 20:00; 1,4; 27; 20; 9; 0,0; 0,00; 7
12-10-16 20:30; 0,0; 0; ; ; ; ; 
12-10-16 21:00; 1,2; 16; 17; 5; 0,0; 0,00; 6
12-10-16 21:30; 0,0; 0; ; ; ; ; 
12-10-16 22:00; 1,1; 16; 18; 4; 0,0; 0,00; 6
12-10-16 22:30; 0,0; 0; ; ; ; ; 
12-10-16 23:00; 1,1; 12; 16; 3; 0,0; 0,00; 7
12-10-16 23:30; 0,0; 0; ; ; ; ; 
13-10-16 00:00; 1,0; 5; 14; 3; 0,0; 0,00; 8
13-10-16 00:30; 0,0; 0; ; ; ; ; 
13-10-16 01:00; 1,0; 5; 12; 3; 0,0; 0,00; 8
13-10-16 01:30; 0,0; 0; ; ; ; ; 
13-10-16 02:00; 0,9; 9; 12; 4; 0,0; 0,00; 9
13-10-16 02:30; 0,0; 0; ; ; ; ; 
13-10-16 03:00; 0,9; 10; 13; 5; 0,0; 0,00; 9
13-10-16 03:30; 0,0; 0; ; ; ; ; 
13-10-16 04:00; 1,0; 21; 14; 5; 0,0; 0,00; 9
13-10-16 04:30; 0,0; 0; ; ; ; ; 
13-10-16 05:00; 0,9; 41; 18; 5; 0,0; 0,00; 12
13-10-16 05:30; 0,0; 0; ; ; ; ; 
13-10-16 06:00; 1,1; 109; 26; 6; 0,0; 0,00; 12
13-10-16 06:30; 0,0; 0; ; ; ; ; 
13-10-16 07:00; 1,3; 129; 32; 7; 0,0; 0,00; 11
13-10-16 07:30; 0,0; 0; ; ; ; ; 
13-10-16 08:00; 1,4; 129; 31; 6; 0,0; 0,00; 11
13-10-16 08:30; 0,0; 0; ; ; ; ; 
13-10-16 09:00; 1,1; 118; 31; 6; 0,0; 0,00; 13
13-10-16 09:30; 0,0; 0; ; ; ; ; 
13-10-16 10:00; 1,1; 80; 29; 7; 0,0; 0,00; 16
13-10-16 10:30; 0,0; 0; ; ; ; ; 
13-10-16 11:00; ; 94; 32; 7; 0,0; 0,00; 19
13-10-16 11:30; 0,0; 0; ; ; ; ; 
13-10-16 12:00; ; 56; 23; 6; 0,0; 0,00; 18
13-10-16 12:30; 0,0; 0; ; ; ; ; 
13-10-16 13:00; ; 51; 24; 6; 0,0; 0,00; 20
13-10-16 13:30; 0,0; 0; ; ; ; ; 
13-10-16 14:00; ; 43; 25; 8; 0,0; 0,00; 25
13-10-16 14:30; 0,0; 0; ; ; ; ; 
13-10-16 15:00; ; 66; 31; 9; 0,0; 0,00; 31
13-10-16 15:30; 0,0; 0; ; ; ; ; 
13-10-16 16:00; 0,9; 94; 39; 9; 0,0; 0,00; 29
13-10-16 16:30; 0,0; 0; ; ; ; ; 
13-10-16 17:00; 1,0; 83; 39; 9; 0,0; 0,00; 27
13-10-16 17:30; 0,0; 0; ; ; ; ; 
13-10-16 18:00; 0,7; 49; 34; 12; 0,0; 0,00; 26
13-10-16 18:30; 0,0; 0; ; ; ; ; 
13-10-16 19:00; 0,8; 30; 30; 11; 0,0; 0,00; 23
13-10-16 19:30; 0,0; 0; ; ; ; ; 
13-10-16 20:00; 0,8; 19; 25; 10; 0,0; 0,00; 23
13-10-16 20:30; 0,0; 0; ; ; ; ; 
13-10-16 21:00; 0,7; 9; 17; 10; 0,0; 0,00; 24
13-10-16 21:30; 0,0; 0; ; ; ; ; 
13-10-16 22:00; 0,7; 8; 15; 11; 0,0; 0,00; 25
13-10-16 22:30; 0,0; 0; ; ; ; ; 
13-10-16 23:00; 0,7; 4; 11; 12; 0,0; 0,00; 25
13-10-16 23:30; 0,0; 0; ; ; ; ; 
14-10-16 00:00; 0,7; 4; 10; 14; 0,0; 0,00; 24
14-10-16 00:30; 0,0; 0; ; ; ; ; 
14-10-16 01:00; 0,7; 2; 10; 15; 0,0; 0,00; 24
14-10-16 01:30; 0,0; 0; ; ; ; ; 
14-10-16 02:00; 0,7; 2; 10; 16; 0,0; 0,00; 24
14-10-16 02:30; 0,0; 0; ; ; ; ; 
14-10-16 03:00; 0,7; 7; 13; 18; 0,0; 0,00; 24
14-10-16 03:30; 0,0; 0; ; ; ; ; 
14-10-16 04:00; 0,8; 16; 15; 19; 0,0; 0,00; 23
14-10-16 04:30; 0,0; 0; ; ; ; ; 
14-10-16 05:00; 0,8; 21; 21; 19; 0,0; 0,00; 21
14-10-16 05:30; 0,0; 0; ; ; ; ; 
14-10-16 06:00; 0,9; 35; 28; 19; 0,0; 0,00; 19
14-10-16 06:30; 0,0; 0; ; ; ; ; 
14-10-16 07:00; 1,0; 83; 41; 18; 0,0; 0,00; 14
14-10-16 07:30; 0,0; 0; ; ; ; ; 
14-10-16 08:00; 1,1; 130; 44; 18; 0,0; 0,00; 13
14-10-16 08:30; 0,0; 0; ; ; ; ; 
14-10-16 09:00; 1,2; 147; 43; 17; 0,0; 0,00; 16
14-10-16 09:30; 0,0; 0; ; ; ; ; 
14-10-16 10:00; 1,1; 45; 25; 17; 0,0; 0,00; 19
14-10-16 10:30; 0,0; 0; ; ; ; ; 
14-10-16 11:00; 1,2; 32; 19; 19; 0,0; 0,00; 24
14-10-16 11:30; 0,0; 0; ; ; ; ; 
14-10-16 12:00; 1,2; 26; 20; 19; 0,0; 0,00; 27
14-10-16 12:30; 0,0; 0; ; ; ; ; 
14-10-16 13:00; 1,3; 32; 23; 18; 0,0; 0,00; 29
14-10-16 13:30; 0,0; 0; ; ; ; ; 
14-10-16 14:00; 1,4; 29; 24; 21; 0,0; 0,00; 30
14-10-16 14:30; 0,0; 0; ; ; ; ; 
14-10-16 15:00; 1,4; 35; 28; 23; 0,0; 0,00; 35
14-10-16 15:30; 0,0; 0; ; ; ; ; 
14-10-16 16:00; 1,3; 29; 27; 22; 0,0; 0,00; 40
14-10-16 16:30; 0,0; 0; ; ; ; ; 
14-10-16 17:00; 1,2; 44; 33; 23; 0,0; 0,00; 33
14-10-16 17:30; 0,0; 0; ; ; ; ; 
14-10-16 18:00; 1,1; 27; 27; 19; 0,0; 0,00; 29
14-10-16 18:30; 0,0; 0; ; ; ; ; 
14-10-16 19:00; 1,2; 29; 31; 20; 0,0; 0,00; 26
14-10-16 19:30; 0,0; 0; ; ; ; ; 
14-10-16 20:00; 1,1; 16; 21; 19; 0,0; 0,00; 29
14-10-16 20:30; 0,0; 0; ; ; ; ; 
14-10-16 21:00; 1,1; 7; 16; 20; 0,0; 0,00; 31
14-10-16 21:30; 0,0; 0; ; ; ; ; 
14-10-16 22:00; 1,3; 28; 27; 21; 0,0; 0,00; 31
14-10-16 22:30; 0,0; 0; ; ; ; ; 
14-10-16 23:00; 1,1; 4; 12; 23; 0,0; 0,00; 31
14-10-16 23:30; 0,0; 0; ; ; ; ; 
15-10-16 00:00; 0,9; 2; 10; 22; 0,0; 0,00; 28
15-10-16 00:30; 0,0; 0; ; ; ; ; 
15-10-16 01:00; 0,9; 3; 11; 22; 0,0; 0,00; 29
15-10-16 01:30; 0,0; 0; ; ; ; ; 
15-10-16 02:00; 1,0; 1; 10; 21; 0,0; 0,00; 28
15-10-16 02:30; 0,0; 0; ; ; ; ; 
15-10-16 03:00; 0,9; 3; 13; 20; 0,0; 0,00; 24
15-10-16 03:30; 0,0; 0; ; ; ; ; 
15-10-16 04:00; 0,9; 1; 12; 20; 0,0; 0,00; 23
15-10-16 04:30; 0,0; 0; ; ; ; ; 
15-10-16 05:00; 0,9; 9; 17; 19; 0,0; 0,00; 19
15-10-16 05:30; 0,0; 0; ; ; ; ; 
15-10-16 06:00; 1,0; 5; 11; 18; 0,0; 0,00; 16
15-10-16 06:30; 0,0; 0; ; ; ; ; 
15-10-16 07:00; 1,1; 6; 10; 19; 0,0; 0,00; 13
15-10-16 07:30; 0,0; 0; ; ; ; ; 
15-10-16 08:00; 1,3; 14; 15; 22; 0,0; 0,00; 11
15-10-16 08:30; 0,0; 0; ; ; ; ; 
15-10-16 09:00; 1,2; 22; 19; 23; 0,0; 0,00; 8
15-10-16 09:30; 0,0; 0; ; ; ; ; 
15-10-16 10:00; 1,8; 25; 20; 24; 0,0; 0,00; 13
15-10-16 10:30; 0,0; 0; ; ; ; ; 
15-10-16 11:00; 2,5; 32; 22; 23; 0,0; 0,00; 21
15-10-16 11:30; 0,0; 0; ; ; ; ; 
15-10-16 12:00; 3,3; 26; 19; 20; 0,0; 0,00; 22
15-10-16 12:30; 0,0; 0; ; ; ; ; 
15-10-16 13:00; 2,6; 17; 20; 22; 0,0; 0,00; 23
15-10-16 13:30; 0,0; 0; ; ; ; ; 
15-10-16 14:00; 3,3; 16; 21; 25; 0,0; 0,00; 28
15-10-16 14:30; 0,0; 0; ; ; ; ; 
15-10-16 15:00; 3,7; 14; 15; 30; 0,0; 0,00; 30
15-10-16 15:30; 0,0; 0; ; ; ; ; 
15-10-16 16:00; 2,9; 9; 18; 18; 0,0; 0,00; 26
15-10-16 16:30; 0,0; 0; ; ; ; ; 
15-10-16 17:00; 3,3; 20; 28; 11; 0,0; 0,00; 19
15-10-16 17:30; 0,0; 0; ; ; ; ; 
15-10-16 18:00; 3,8; 35; 35; 12; 0,0; 0,00; 21
15-10-16 18:30; 0,0; 0; ; ; ; ; 
15-10-16 19:00; 2,4; 46; 33; 13; 0,0; 0,00; 22
15-10-16 19:30; 0,0; 0; ; ; ; ; 
15-10-16 20:00; 3,1; 24; 26; 16; 0,0; 0,00; 21
15-10-16 20:30; 0,0; 0; ; ; ; ; 
15-10-16 21:00; 3,3; 24; 16; 13; 0,0; 0,00; 17
15-10-16 21:30; 0,0; 0; ; ; ; ; 
15-10-16 22:00; 2,5; 23; 14; 22; 0,0; 0,00; 14
15-10-16 22:30; 0,0; 0; ; ; ; ; 
15-10-16 23:00; 2,9; 24; 16; 23; 0,0; 0,00; 18
15-10-16 23:30; 0,0; 0; ; ; ; ; 
16-10-16 00:00; 2,6; 19; 16; 15; 0,0; 0,00; 11
16-10-16 00:30; 0,0; 0; ; ; ; ; 
16-10-16 01:00; 2,2; 10; 15; 13; 0,0; 0,00; 9
16-10-16 01:30; 0,0; 0; ; ; ; ; 
16-10-16 02:00; 1,9; 9; 11; 11; 0,0; 0,00; 9
16-10-16 02:30; 0,0; 0; ; ; ; ; 
16-10-16 03:00; 1,5; 10; 10; 10; 0,0; 0,00; 7
16-10-16 03:30; 0,0; 0; ; ; ; ; 
16-10-16 04:00; 1,3; 4; 7; 11; 0,0; 0,00; 11
16-10-16 04:30; 0,0; 0; ; ; ; ; 
16-10-16 05:00; 1,3; 8; 7; 12; 0,0; 0,00; 7
16-10-16 05:30; 0,0; 0; ; ; ; ; 
16-10-16 06:00; 1,5; 7; 9; 9; 0,0; 0,00; 4
16-10-16 06:30; 0,0; 0; ; ; ; ; 
16-10-16 07:00; 1,6; 11; 10; 9; 0,0; 0,00; 3
16-10-16 07:30; 0,0; 0; ; ; ; ; 
16-10-16 08:00; 2,2; 15; 10; 9; 0,0; 0,00; 3
16-10-16 08:30; 0,0; 0; ; ; ; ; 
16-10-16 09:00; 2,2; 14; 8; 11; 0,0; 0,00; 9
16-10-16 09:30; 0,0; 0; ; ; ; ; 
16-10-16 10:00; 2,2; 30; 15; 8; 0,0; 0,00; 15
16-10-16 10:30; 0,0; 0; ; ; ; ; 
16-10-16 11:00; 2,1; 10; 9; 12; 0,0; 0,00; 25
16-10-16 11:30; 0,0; 0; ; ; ; ; 
16-10-16 12:00; 1,6; 22; 21; 8; 0,0; 0,00; 33
16-10-16 12:30; 0,0; 0; ; ; ; ; 
16-10-16 13:00; 1,3; 14; 20; 7; 0,0; 0,00; 51
16-10-16 13:30; 0,0; 0; ; ; ; ; 
16-10-16 14:00; 1,4; 10; 18; 6; 0,0; 0,00; 60
16-10-16 14:30; 0,0; 0; ; ; ; ; 
16-10-16 15:00; 1,7; 11; 22; 6; 0,0; 0,00; 61
16-10-16 15:30; 0,0; 0; ; ; ; ; 
16-10-16 16:00; 1,3; 12; 27; 4; 0,0; 0,00; 57
16-10-16 16:30; 0,0; 0; ; ; ; ; 
16-10-16 17:00; 1,1; 58; 56; 6; 0,0; 0,00; 60
16-10-16 17:30; 0,0; 0; ; ; ; ; 
16-10-16 18:00; 1,0; 65; 38; 9; 0,0; 0,00; 50
16-10-16 18:30; 0,0; 0; ; ; ; ; 
16-10-16 19:00; 1,1; 34; 26; 14; 0,0; 0,00; 28
16-10-16 19:30; 0,0; 0; ; ; ; ; 
16-10-16 20:00; 1,2; 40; 20; 44; 0,0; 0,00; 26
16-10-16 20:30; 0,0; 0; ; ; ; ; 
16-10-16 21:00; 1,3; 15; 13; 37; 0,0; 0,00; 21
16-10-16 21:30; 0,0; 0; ; ; ; ; 
16-10-16 22:00; 1,8; 40; 13; 28; 0,0; 0,00; 11
16-10-16 22:30; 0,0; 0; ; ; ; ; 
16-10-16 23:00; 1,5; 31; 12; 23; 0,0; 0,00; 11
16-10-16 23:30; 0,0; 0; ; ; ; ; 
17-10-16 00:00; 1,3; 14; 13; 18; 0,0; 0,00; 12
17-10-16 00:30; 0,0; 0; ; ; ; ; 
17-10-16 01:00; 1,2; 18; 9; 14; 0,0; 0,00; 14
17-10-16 01:30; 0,0; 0; ; ; ; ; 
17-10-16 02:00; 1,2; 39; 9; 12; 0,0; 0,00; 16
17-10-16 02:30; 0,0; 0; ; ; ; ; 
17-10-16 03:00; 1,2; 54; 10; 12; 0,0; 0,00; 17
17-10-16 03:30; 0,0; 0; ; ; ; ; 
17-10-16 04:00; 1,3; 129; 21; 9; 0,0; 0,00; 14
17-10-16 04:30; 0,0; 0; ; ; ; ; 
17-10-16 05:00; 1,2; 138; 21; 11; 0,0; 0,00; 12
17-10-16 05:30; 0,0; 0; ; ; ; ; 
17-10-16 06:00; 1,2; 244; 34; 10; 0,0; 0,00; 11
17-10-16 06:30; 0,0; 0; ; ; ; ; 
17-10-16 07:00; ; 232; 38; 14; 0,0; 0,00; 8
17-10-16 07:30; 0,0; 0; ; ; ; ; 
17-10-16 08:00; ; 132; 30; 14; 0,0; 0,00; 8
17-10-16 08:30; 0,0; 0; ; ; ; ; 
17-10-16 09:00; ; 48; 25; 20; 0,0; 0,00; 10
17-10-16 09:30; 0,0; 0; ; ; ; ; 
17-10-16 10:00; ; 62; 33; 18; 0,0; 0,00; 14
17-10-16 10:30; 0,0; 0; ; ; ; ; 
17-10-16 11:00; ; 24; 27; 17; 0,0; 0,00; 19
17-10-16 11:30; 0,0; 0; ; ; ; ; 
17-10-16 12:00; 1,6; 26; 27; 13; 0,0; 0,00; 25
17-10-16 12:30; 0,0; 0; ; ; ; ; 
17-10-16 13:00; 1,5; 19; 22; 12; 0,0; 0,00; 28
17-10-16 13:30; 0,0; 0; ; ; ; ; 
17-10-16 14:00; 1,8; 31; 34; 14; 0,0; 0,00; 25
17-10-16 14:30; 0,0; 0; ; ; ; ; 
17-10-16 15:00; 1,7; 23; 33; 16; 0,0; 0,00; 19
17-10-16 15:30; 0,0; 0; ; ; ; ; 
17-10-16 16:00; 1,8; 31; 38; 14; 0,0; 0,00; 19
17-10-16 16:30; 0,0; 0; ; ; ; ; 
17-10-16 17:00; 1,7; 51; 47; 18; 0,0; 0,00; 13
17-10-16 17:30; 0,0; 0; ; ; ; ; 
17-10-16 18:00; 2,1; 106; 61; 17; 0,0; 0,00; 13
17-10-16 18:30; 0,0; 0; ; ; ; ; 
17-10-16 19:00; 2,5; 37; 36; 18; 0,0; 0,00; 5
17-10-16 19:30; 0,0; 0; ; ; ; ; 
17-10-16 20:00; 2,5; 9; 22; 18; 0,0; 0,00; 3
17-10-16 20:30; 0,0; 0; ; ; ; ; 
17-10-16 21:00; 2,2; 4; 16; 22; 0,0; 0,00; 3
17-10-16 21:30; 0,0; 0; ; ; ; ; 
17-10-16 22:00; 2,3; 3; 13; 23; 0,0; 0,00; 3
17-10-16 22:30; 0,0; 0; ; ; ; ; 
17-10-16 23:00; 2,4; 3; 12; 23; 0,0; 0,00; 2
17-10-16 23:30; 0,0; 0; ; ; ; ; 
18-10-16 00:00; 2,0; 2; 11; 22; 0,0; 0,00; 2
18-10-16 00:30; 0,0; 0; ; ; ; ; 
18-10-16 01:00; 1,9; 2; 11; 21; 0,0; 0,00; 2
18-10-16 01:30; 0,0; 0; ; ; ; ; 
18-10-16 02:00; 2,1; 2; 10; 22; 0,0; 0,00; 4
18-10-16 02:30; 0,0; 0; ; ; ; ; 
18-10-16 03:00; 1,9; 5; 11; 23; 0,0; 0,00; 3
18-10-16 03:30; 0,0; 0; ; ; ; ; 
18-10-16 04:00; 1,8; 16; 14; 24; 0,0; 0,00; 2
18-10-16 04:30; 0,0; 0; ; ; ; ; 
18-10-16 05:00; 1,9; 33; 19; 24; 0,0; 0,00; 2
18-10-16 05:30; 0,0; 0; ; ; ; ; 
18-10-16 06:00; 2,4; 75; 26; 26; 0,0; 0,00; 2
18-10-16 06:30; 0,0; 0; ; ; ; ; 
18-10-16 07:00; 2,6; 93; 29; 28; 0,0; 0,00; 2
18-10-16 07:30; 0,0; 0; ; ; ; ; 
18-10-16 08:00; 2,8; 79; 24; 34; 0,0; 0,00; 3
18-10-16 08:30; 0,0; 0; ; ; ; ; 
18-10-16 09:00; 2,8; 72; 21; 31; 0,0; 0,00; 3
18-10-16 09:30; 0,0; 0; ; ; ; ; 
18-10-16 10:00; 2,8; 103; 24; 25; 0,0; 0,00; 6
18-10-16 10:30; 0,0; 0; ; ; ; ; 
18-10-16 11:00; 2,0; 110; 27; 27; 0,0; 0,00; 15
18-10-16 11:30; 0,0; 0; ; ; ; ; 
18-10-16 12:00; 1,5; 85; 34; 22; 0,0; 0,00; 23
18-10-16 12:30; 0,0; 0; ; ; ; ; 
18-10-16 13:00; 2,1; 57; 32; 17; 0,0; 0,00; 31
18-10-16 13:30; 0,0; 0; ; ; ; ; 
18-10-16 14:00; 2,2; 66; 38; 14; 0,0; 0,00; 27
18-10-16 14:30; 0,0; 0; ; ; ; ; 
18-10-16 15:00; 2,0; 43; 32; 12; 0,0; 0,00; 41
18-10-16 15:30; 0,0; 0; ; ; ; ; 
18-10-16 16:00; 2,5; 52; 42; 13; 0,0; 0,00; 42
18-10-16 16:30; 0,0; 0; ; ; ; ; 
18-10-16 17:00; 3,1; 71; 50; 12; 0,0; 0,00; 34
18-10-16 17:30; 0,0; 0; ; ; ; ; 
18-10-16 18:00; 5,1; 154; 49; 13; 0,0; 0,00; 20
18-10-16 18:30; 0,0; 0; ; ; ; ; 
18-10-16 19:00; 3,2; 77; 35; 13; 0,0; 0,00; 6
18-10-16 19:30; 0,0; 0; ; ; ; ; 
18-10-16 20:00; 2,3; 73; 23; 15; 0,0; 0,00; 33
18-10-16 20:30; 0,0; 0; ; ; ; ; 
18-10-16 21:00; 1,0; 29; 23; 25; 0,0; 0,00; 42
18-10-16 21:30; 0,0; 0; ; ; ; ; 
18-10-16 22:00; 1,4; 19; 26; 27; 0,0; 0,00; 24
18-10-16 22:30; 0,0; 0; ; ; ; ; 
18-10-16 23:00; 1,5; 19; 24; 21; 0,0; 0,00; 16
18-10-16 23:30; 0,0; 0; ; ; ; ; 
19-10-16 00:00; 1,0; 6; 18; 24; 0,0; 0,00; 36
19-10-16 00:30; 0,0; 0; ; ; ; ; 
19-10-16 01:00; 0,6; 2; 12; 21; 0,0; 0,00; 51
19-10-16 01:30; 0,0; 0; ; ; ; ; 
19-10-16 02:00; 0,6; 1; 7; 18; 0,0; 0,00; 40
19-10-16 02:30; 0,0; 0; ; ; ; ; 
19-10-16 03:00; 0,5; 5; 9; 8; 0,0; 0,00; 25
19-10-16 03:30; 0,0; 0; ; ; ; ; 
19-10-16 04:00; 0,6; 6; 11; 7; 0,0; 0,00; 29
19-10-16 04:30; 0,0; 0; ; ; ; ; 
19-10-16 05:00; 0,7; 24; 26; 7; 0,0; 0,00; 41
19-10-16 05:30; 0,0; 0; ; ; ; ; 
19-10-16 06:00; 0,9; 38; 41; 6; 0,0; 0,00; 38
19-10-16 06:30; 0,0; 0; ; ; ; ; 
19-10-16 07:00; 1,1; 64; 49; 5; 0,0; 0,00; 42
19-10-16 07:30; 0,0; 0; ; ; ; ; 
19-10-16 08:00; 1,8; 81; 54; 4; 0,0; 0,00; 31
19-10-16 08:30; 0,0; 0; ; ; ; ; 
19-10-16 09:00; 1,5; 49; 39; 5; 0,0; 0,00; 39
19-10-16 09:30; 0,0; 0; ; ; ; ; 
19-10-16 10:00; 1,1; 26; 26; 5; 0,0; 0,00; 46
19-10-16 10:30; 0,0; 0; ; ; ; ; 
19-10-16 11:00; 1,0; 54; 36; 7; 0,0; 0,00; 54
19-10-16 11:30; 0,0; 0; ; ; ; ; 
19-10-16 12:00; 1,0; 21; 21; 8; 0,0; 0,00; 57
19-10-16 12:30; 0,0; 0; ; ; ; ; 
19-10-16 13:00; 1,0; 36; 28; 7; 0,0; 0,00; 61
19-10-16 13:30; 0,0; 0; ; ; ; ; 
19-10-16 14:00; 1,0; 28; 25; 7; 0,0; 0,00; 63
19-10-16 14:30; 0,0; 0; ; ; ; ; 
19-10-16 15:00; 1,4; 29; 29; 4; 0,0; 0,00; 59
19-10-16 15:30; 0,0; 0; ; ; ; ; 
19-10-16 16:00; 2,2; 35; 33; 5; 0,0; 0,00; 52
19-10-16 16:30; 0,0; 0; ; ; ; ; 
19-10-16 17:00; 2,2; 40; 38; 6; 0,0; 0,00; 47
19-10-16 17:30; 0,0; 0; ; ; ; ; 
19-10-16 18:00; 1,6; 21; 25; 8; 0,0; 0,00; 47
19-10-16 18:30; 0,0; 0; ; ; ; ; 
19-10-16 19:00; 1,6; 12; 18; 7; 0,0; 0,00; 52
19-10-16 19:30; 0,0; 0; ; ; ; ; 
19-10-16 20:00; 1,1; 9; 16; 7; 0,0; 0,00; 51
19-10-16 20:30; 0,0; 0; ; ; ; ; 
19-10-16 21:00; 0,8; 4; 10; 9; 0,0; 0,00; 48
19-10-16 21:30; 0,0; 0; ; ; ; ; 
19-10-16 22:00; 0,7; 3; 9; 9; 0,0; 0,00; 46
19-10-16 22:30; 0,0; 0; ; ; ; ; 
19-10-16 23:00; 0,6; 3; 8; 9; 0,0; 0,00; 49
19-10-16 23:30; 0,0; 0; ; ; ; ; 
20-10-16 00:00; 0,4; 2; 7; 9; 0,0; 0,00; 48
20-10-16 00:30; 0,0; 0; ; ; ; ; 
20-10-16 01:00; 0,3; 1; 6; 7; 0,0; 0,00; 41
20-10-16 01:30; 0,0; 0; ; ; ; ; 
20-10-16 02:00; 0,3; 2; 9; 6; 0,0; 0,00; 42
20-10-16 02:30; 0,0; 0; ; ; ; ; 
20-10-16 03:00; 0,3; 2; 8; 6; 0,0; 0,00; 41
20-10-16 03:30; 0,0; 0; ; ; ; ; 
20-10-16 04:00; 0,3; 19; 19; 4; 0,0; 0,00; 40
20-10-16 04:30; 0,0; 0; ; ; ; ; 
20-10-16 05:00; 0,5; 23; 25; 4; 0,0; 0,00; 28
20-10-16 05:30; 0,0; 0; ; ; ; ; 
20-10-16 06:00; 0,6; 63; 39; 2; 0,0; 0,00; 15
20-10-16 06:30; 0,0; 0; ; ; ; ; 
20-10-16 07:00; 1,5; 93; 47; 3; 0,0; 0,00; 7
20-10-16 07:30; 0,0; 0; ; ; ; ; 
20-10-16 08:00; 1,9; 60; 43; 4; 0,0; 0,00; 10
20-10-16 08:30; 0,0; 0; ; ; ; ; 
20-10-16 09:00; 1,4; 58; 34; 5; 0,0; 0,00; 19
20-10-16 09:30; 0,0; 0; ; ; ; ; 
20-10-16 10:00; 1,1; 52; 32; 7; 0,0; 0,00; 33
20-10-16 10:30; 0,0; 0; ; ; ; ; 
20-10-16 11:00; 1,1; 52; 35; 8; 0,0; 0,00; 43
20-10-16 11:30; 0,0; 0; ; ; ; ; 
20-10-16 12:00; 1,5; 35; 33; 7; 0,0; 0,00; 46
20-10-16 12:30; 0,0; 0; ; ; ; ; 
20-10-16 13:00; 1,1; 53; 39; 8; 0,0; 0,00; 48
20-10-16 13:30; 0,0; 0; ; ; ; ; 
20-10-16 14:00; 0,9; 39; 34; 9; 0,0; 0,00; 47
20-10-16 14:30; 0,0; 0; ; ; ; ; 
20-10-16 15:00; 1,2; 35; 36; 4; 0,0; 0,00; 44
20-10-16 15:30; 0,0; 0; ; ; ; ; 
20-10-16 16:00; 1,0; 28; 32; 4; 0,0; 0,00; 39
20-10-16 16:30; 0,0; 0; ; ; ; ; 
20-10-16 17:00; 1,2; 34; 42; 6; 0,0; 0,00; 37
20-10-16 17:30; 0,0; 0; ; ; ; ; 
20-10-16 18:00; 1,4; 48; 46; 3; 0,0; 0,00; 42
20-10-16 18:30; 0,0; 0; ; ; ; ; 
20-10-16 19:00; 1,5; 31; 40; 2; 0,0; 0,00; 42
20-10-16 19:30; 0,0; 0; ; ; ; ; 
20-10-16 20:00; 1,0; 13; 26; 3; 0,0; 0,00; 39
20-10-16 20:30; 0,0; 0; ; ; ; ; 
20-10-16 21:00; 0,8; 9; 21; 3; 0,0; 0,00; 34
20-10-16 21:30; 0,0; 0; ; ; ; ; 
20-10-16 22:00; 0,8; 9; 17; 6; 0,0; 0,00; 25
20-10-16 22:30; 0,0; 0; ; ; ; ; 
20-10-16 23:00; 0,8; 4; 14; 7; 0,0; 0,00; 32
20-10-16 23:30; 0,0; 0; ; ; ; ; 
21-10-16 00:00; 0,6; 4; 11; 7; 0,0; 0,00; 31
21-10-16 00:30; 0,0; 0; ; ; ; ; 
21-10-16 01:00; 0,8; 3; 10; 7; 0,0; 0,00; 31
21-10-16 01:30; 0,0; 0; ; ; ; ; 
21-10-16 02:00; 0,8; 3; 10; 8; 0,0; 0,00; 29
21-10-16 02:30; 0,0; 0; ; ; ; ; 
21-10-16 03:00; ; 10; 12; 9; 0,0; 0,00; 31
21-10-16 03:30; 0,0; 0; ; ; ; ; 
21-10-16 04:00; ; 16; 15; 7; 0,0; 0,00; 32
21-10-16 04:30; 0,0; 0; ; ; ; ; 
21-10-16 05:00; ; 66; 23; 2; 0,0; 0,00; 46
21-10-16 05:30; 0,0; 0; ; ; ; ; 
21-10-16 06:00; ; 73; 25; 3; 0,0; 0,00; 40
21-10-16 06:30; 0,0; 0; ; ; ; ; 
21-10-16 07:00; ; 74; 31; 3; 0,0; 0,00; 30
21-10-16 07:30; 0,0; 0; ; ; ; ; 
21-10-16 08:00; 1,4; 78; 31; 6; 0,0; 0,00; 22
21-10-16 08:30; 0,0; 0; ; ; ; ; 
21-10-16 09:00; 1,3; 65; 29; 9; 0,0; 0,00; 17
21-10-16 09:30; 0,0; 0; ; ; ; ; 
21-10-16 10:00; 1,3; 20; 19; 5; 0,0; 0,00; 24
21-10-16 10:30; 0,0; 0; ; ; ; ; 
21-10-16 11:00; 1,1; 17; 18; 6; 0,0; 0,00; 36
21-10-16 11:30; 0,0; 0; ; ; ; ; 
21-10-16 12:00; 1,0; 31; 21; 7; 0,0; 0,00; 42
21-10-16 12:30; 0,0; 0; ; ; ; ; 
21-10-16 13:00; 1,5; 36; 22; 4; 0,0; 0,00; 39
21-10-16 13:30; 0,0; 0; ; ; ; ; 
21-10-16 14:00; 1,5; 28; 23; 5; 0,0; 0,00; 42
21-10-16 14:30; 0,0; 0; ; ; ; ; 
21-10-16 15:00; 1,3; 39; 29; 9; 0,0; 0,00; 39
21-10-16 15:30; 0,0; 0; ; ; ; ; 
21-10-16 16:00; 2,2; 64; 44; 10; 0,0; 0,00; 35
21-10-16 16:30; 0,0; 0; ; ; ; ; 
21-10-16 17:00; 2,2; 111; 45; 10; 0,0; 0,00; 33
21-10-16 17:30; 0,0; 0; ; ; ; ; 
21-10-16 18:00; 2,1; 78; 37; 9; 0,0; 0,00; 30
21-10-16 18:30; 0,0; 0; ; ; ; ; 
21-10-16 19:00; 2,0; 45; 29; 10; 0,0; 0,00; 25
21-10-16 19:30; 0,0; 0; ; ; ; ; 
21-10-16 20:00; 2,3; 30; 27; 11; 0,0; 0,00; 25
21-10-16 20:30; 0,0; 0; ; ; ; ; 
21-10-16 21:00; 2,1; 11; 20; 11; 0,0; 0,00; 25
21-10-16 21:30; 0,0; 0; ; ; ; ; 
21-10-16 22:00; 1,3; 8; 16; 13; 0,0; 0,00; 23
21-10-16 22:30; 0,0; 0; ; ; ; ; 
21-10-16 23:00; 1,3; 6; 14; 10; 0,0; 0,00; 26
21-10-16 23:30; 0,0; 0; ; ; ; ; 
22-10-16 00:00; 1,1; 4; 14; 12; 0,0; 0,00; 24
