MESS_DATUM;WEEK_DAY;LUFTTEMPERATUR1;LUFTTEMPERATUR2;LUFTTEMPERATUR3;REL_FEUCHTE1;REL_FEUCHTE2;REL_FEUCHTE3;WINDGESCHWINDIGKEIT1;WINDGESCHWINDIGKEIT2;WINDGESCHWINDIGKEIT3;WINDRICHTUNG1;WINDRICHTUNG2;WINDRICHTUNG3
2015-04-21;Y;7.733333;;;69.0;;;4.0666666;;;256.66666;;
2015-04-22;Y;6.233333;7.733333;;75.0;69.0;;4.1666665;4.0666666;;286.66666;256.66666;
2015-04-23;Y;4.733333;6.233333;7.733333;84.333336;75.0;69.0;2.1;4.1666665;4.0666666;173.33333;286.66666;256.66666
2015-04-24;Y;7.4666667;4.733333;6.233333;82.333336;84.333336;75.0;3.3;2.1;4.1666665;173.33333;173.33333;286.66666
2015-04-25;N;11.266666;7.4666667;4.733333;67.666664;82.333336;84.333336;4.766667;3.3;2.1;170.0;173.33333;173.33333
2015-04-26;N;15.033334;11.266666;7.4666667;71.0;67.666664;82.333336;2.9;4.766667;3.3;253.33333;170.0;173.33333
2015-04-27;Y;14.066667;15.033334;11.266666;78.0;71.0;67.666664;4.8;2.9;4.766667;136.66667;253.33333;170.0
2015-04-28;Y;6.7;14.066667;15.033334;88.0;78.0;71.0;3.6666667;4.8;2.9;316.66666;136.66667;253.33333
2015-04-29;Y;5.9;6.7;14.066667;82.0;88.0;78.0;2.6;3.6666667;4.8;223.33333;316.66666;136.66667
2015-04-30;Y;8.933333;5.9;6.7;62.333332;82.0;88.0;6.233333;2.6;3.6666667;153.33333;223.33333;316.66666
2015-05-01;Y;7.9333334;8.933333;5.9;88.666664;62.333332;82.0;2.7333333;6.233333;2.6;273.33334;153.33333;223.33333
2015-05-02;N;6.6;7.9333334;8.933333;82.333336;88.666664;62.333332;1.6333333;2.7333333;6.233333;266.66666;273.33334;153.33333
2015-05-03;N;9.266666;6.6;7.9333334;67.333336;82.333336;88.666664;4.633333;1.6333333;2.7333333;140.0;266.66666;273.33334
2015-05-04;Y;15.766666;9.266666;6.6;84.333336;67.333336;82.333336;3.3666666;4.633333;1.6333333;233.33333;140.0;266.66666
2015-05-05;Y;17.4;15.766666;9.266666;78.0;84.333336;67.333336;6.2;3.3666666;4.633333;146.66667;233.33333;140.0
2015-05-06;Y;15.1;17.4;15.766666;76.333336;78.0;84.333336;1.2666667;6.2;3.3666666;163.33333;146.66667;233.33333
2015-05-07;Y;13.0;15.1;17.4;64.333336;76.333336;78.0;4.0333333;1.2666667;6.2;220.0;163.33333;146.66667
2015-05-08;Y;10.5;13.0;15.1;74.0;64.333336;76.333336;3.0;4.0333333;1.2666667;150.0;220.0;163.33333
2015-05-09;N;13.066667;10.5;13.0;89.666664;74.0;64.333336;3.5333333;3.0;4.0333333;180.0;150.0;220.0
2015-05-10;N;13.366667;13.066667;10.5;70.666664;89.666664;74.0;5.9;3.5333333;3.0;263.33334;180.0;150.0
2015-05-11;Y;8.766666;13.366667;13.066667;77.666664;70.666664;89.666664;2.9;5.9;3.5333333;160.0;263.33334;180.0
2015-05-12;Y;14.633333;8.766666;13.366667;52.0;77.666664;70.666664;5.1666665;2.9;5.9;160.0;160.0;263.33334
2015-05-13;Y;12.433333;14.633333;8.766666;79.666664;52.0;77.666664;1.9333333;5.1666665;2.9;263.33334;160.0;160.0
2015-05-14;Y;9.733334;12.433333;14.633333;77.666664;79.666664;52.0;3.3666666;1.9333333;5.1666665;323.33334;263.33334;160.0
2015-05-15;Y;7.733333;9.733334;12.433333;75.666664;77.666664;79.666664;2.0666666;3.3666666;1.9333333;170.0;323.33334;263.33334
2015-05-16;N;10.0;7.733333;9.733334;74.0;75.666664;77.666664;2.8666666;2.0666666;3.3666666;190.0;170.0;323.33334
2015-05-17;N;9.966666;10.0;7.733333;66.666664;74.0;75.666664;4.9;2.8666666;2.0666666;300.0;190.0;170.0
2015-05-18;Y;11.366667;9.966666;10.0;62.0;66.666664;74.0;4.5333333;4.9;2.8666666;173.33333;300.0;190.0
2015-05-19;Y;17.533333;11.366667;9.966666;55.0;62.0;66.666664;5.6;4.5333333;4.9;220.0;173.33333;300.0
2015-05-20;Y;12.8;17.533333;11.366667;69.333336;55.0;62.0;1.9333333;5.6;4.5333333;196.66667;220.0;173.33333
2015-05-21;Y;11.066667;12.8;17.533333;71.0;69.333336;55.0;2.7;1.9333333;5.6;300.0;196.66667;220.0
2015-05-22;Y;10.4;11.066667;12.8;68.666664;71.0;69.333336;1.6666666;2.7;1.9333333;196.66667;300.0;196.66667
2015-05-23;N;9.9;10.4;11.066667;75.666664;68.666664;71.0;2.0;1.6666666;2.7;186.66667;196.66667;300.0
2015-05-24;N;12.533334;9.9;10.4;80.333336;75.666664;68.666664;3.1333334;2.0;1.6666666;246.66667;186.66667;196.66667
2015-05-25;Y;13.833333;12.533334;9.9;76.333336;80.333336;75.666664;3.2;3.1333334;2.0;170.0;246.66667;186.66667
2015-05-26;Y;11.066667;13.833333;12.533334;87.0;76.333336;80.333336;3.7;3.2;3.1333334;320.0;170.0;246.66667
2015-05-27;Y;9.333333;11.066667;13.833333;75.0;87.0;76.333336;4.266667;3.7;3.2;303.33334;320.0;170.0
2015-05-28;Y;11.833333;9.333333;11.066667;70.0;75.0;87.0;3.2;4.266667;3.7;190.0;303.33334;320.0
2015-05-29;Y;13.4;11.833333;9.333333;75.333336;70.0;75.0;1.5333333;3.2;4.266667;256.66666;190.0;303.33334
2015-05-30;N;11.933333;13.4;11.833333;77.0;75.333336;70.0;5.1666665;1.5333333;3.2;250.0;256.66666;190.0
2015-05-31;N;10.5;11.933333;13.4;65.666664;77.0;75.333336;3.6666667;5.1666665;1.5333333;166.66667;250.0;256.66666
2015-06-01;Y;17.966667;10.5;11.933333;66.333336;65.666664;77.0;4.1666665;3.6666667;5.1666665;196.66667;166.66667;250.0
2015-06-02;Y;15.266666;17.966667;10.5;83.0;66.333336;65.666664;4.4;4.1666665;3.6666667;210.0;196.66667;166.66667
2015-06-03;Y;20.933332;15.266666;17.966667;57.666668;83.0;66.333336;4.3333335;4.4;4.1666665;220.0;210.0;196.66667
2015-06-04;Y;15.266666;20.933332;15.266666;62.0;57.666668;83.0;2.2666667;4.3333335;4.4;43.333332;220.0;210.0
2015-06-05;Y;17.166666;15.266666;20.933332;56.0;62.0;57.666668;5.1;2.2666667;4.3333335;126.666664;43.333332;220.0
2015-06-06;N;21.233334;17.166666;15.266666;49.333332;56.0;62.0;4.733333;5.1;2.2666667;160.0;126.666664;43.333332
2015-06-07;N;18.033333;21.233334;17.166666;55.333332;49.333332;56.0;3.6;4.733333;5.1;23.333334;160.0;126.666664
2015-06-08;Y;15.133333;18.033333;21.233334;72.0;55.333332;49.333332;2.5;3.6;4.733333;126.666664;23.333334;160.0
2015-06-09;Y;10.366667;15.133333;18.033333;94.0;72.0;55.333332;4.1;2.5;3.6;130.0;126.666664;23.333334
2015-06-10;Y;13.5;10.366667;15.133333;75.333336;94.0;72.0;3.5;4.1;2.5;56.666668;130.0;126.666664
2015-06-11;Y;15.2;13.5;10.366667;74.666664;75.333336;94.0;1.3;3.5;4.1;143.33333;56.666668;130.0
2015-06-12;Y;15.733334;15.2;13.5;86.666664;74.666664;75.333336;3.2;1.3;3.5;120.0;143.33333;56.666668
2015-06-13;N;20.666666;15.733334;15.2;78.666664;86.666664;74.666664;2.5333333;3.2;1.3;156.66667;120.0;143.33333
2015-06-14;N;19.466667;20.666666;15.733334;78.333336;78.666664;86.666664;2.7666667;2.5333333;3.2;226.66667;156.66667;120.0
2015-06-15;Y;15.3;19.466667;20.666666;82.666664;78.333336;78.666664;3.3666666;2.7666667;2.5333333;126.666664;226.66667;156.66667
2015-06-16;Y;13.3;15.3;19.466667;62.0;82.666664;78.333336;1.1666666;3.3666666;2.7666667;286.66666;126.666664;226.66667
2015-06-17;Y;12.8;13.3;15.3;63.333332;62.0;82.666664;1.3;1.1666666;3.3666666;320.0;286.66666;126.666664
2015-06-18;Y;14.5;12.8;13.3;77.0;63.333332;62.0;2.9666667;1.3;1.1666666;196.66667;320.0;286.66666
2015-06-19;Y;11.066667;14.5;12.8;82.666664;77.0;63.333332;3.7333333;2.9666667;1.3;283.33334;196.66667;320.0
2015-06-20;N;11.1;11.066667;14.5;86.0;82.666664;77.0;4.0333333;3.7333333;2.9666667;283.33334;283.33334;196.66667
2015-06-21;N;12.466666;11.1;11.066667;81.0;86.0;82.666664;2.9;4.0333333;3.7333333;290.0;283.33334;283.33334
2015-06-22;Y;16.133333;12.466666;11.1;73.0;81.0;86.0;4.133333;2.9;4.0333333;250.0;290.0;283.33334
2015-06-23;Y;11.4;16.133333;12.466666;88.333336;73.0;81.0;5.3;4.133333;2.9;250.0;250.0;290.0
2015-06-24;Y;12.233334;11.4;16.133333;89.666664;88.333336;73.0;4.133333;5.3;4.133333;256.66666;250.0;250.0
2015-06-25;Y;13.766666;12.233334;11.4;75.666664;89.666664;88.333336;3.3;4.133333;5.3;176.66667;256.66666;250.0
2015-06-26;Y;15.8;13.766666;12.233334;75.333336;75.666664;89.666664;3.8;3.3;4.133333;173.33333;176.66667;256.66666
2015-06-27;N;17.866667;15.8;13.766666;83.333336;75.333336;75.666664;3.0666666;3.8;3.3;173.33333;173.33333;176.66667
2015-06-28;N;14.366667;17.866667;15.8;76.333336;83.333336;75.333336;4.6;3.0666666;3.8;296.66666;173.33333;173.33333
2015-06-29;Y;15.033334;14.366667;17.866667;80.666664;76.333336;83.333336;3.1;4.6;3.0666666;163.33333;296.66666;173.33333
2015-06-30;Y;18.566668;15.033334;14.366667;74.666664;80.666664;76.333336;2.2666667;3.1;4.6;256.66666;163.33333;296.66666
2015-07-01;Y;18.466667;18.566668;15.033334;71.0;74.666664;80.666664;1.5333333;2.2666667;3.1;66.666664;256.66666;163.33333
2015-07-02;Y;21.566668;18.466667;18.566668;57.666668;71.0;74.666664;4.3333335;1.5333333;2.2666667;120.0;66.666664;256.66666
2015-07-03;Y;23.6;21.566668;18.466667;50.666668;57.666668;71.0;5.9666667;4.3333335;1.5333333;146.66667;120.0;66.666664
2015-07-04;N;24.566668;23.6;21.566668;56.333332;50.666668;57.666668;3.6;5.9666667;4.3333335;163.33333;146.66667;120.0
2015-07-05;N;26.466667;24.566668;23.6;58.0;56.333332;50.666668;3.7;3.6;5.9666667;156.66667;163.33333;146.66667
2015-07-06;Y;20.7;26.466667;24.566668;85.666664;58.0;56.333332;4.766667;3.7;3.6;256.66666;156.66667;163.33333
2015-07-07;Y;19.366667;20.7;26.466667;68.333336;85.666664;58.0;2.4;4.766667;3.7;166.66667;256.66666;156.66667
2015-07-08;Y;20.433332;19.366667;20.7;82.333336;68.333336;85.666664;5.266667;2.4;4.766667;243.33333;166.66667;256.66666
2015-07-09;Y;17.166666;20.433332;19.366667;68.333336;82.333336;68.333336;5.6666665;5.266667;2.4;233.33333;243.33333;166.66667
2015-07-10;Y;12.666667;17.166666;20.433332;60.333332;68.333336;82.333336;5.733333;5.6666665;5.266667;280.0;233.33333;243.33333
2015-07-11;N;13.166667;12.666667;17.166666;71.0;60.333332;68.333336;3.1;5.733333;5.6666665;183.33333;280.0;233.33333
2015-07-12;N;16.0;13.166667;12.666667;71.0;71.0;60.333332;3.7666667;3.1;5.733333;170.0;183.33333;280.0
2015-07-13;Y;16.166666;16.0;13.166667;85.666664;71.0;71.0;4.4;3.7666667;3.1;276.66666;170.0;183.33333
2015-07-14;Y;17.4;16.166666;16.0;91.333336;85.666664;71.0;2.8;4.4;3.7666667;283.33334;276.66666;170.0
2015-07-15;Y;17.933332;17.4;16.166666;81.666664;91.333336;85.666664;4.0666666;2.8;4.4;296.66666;283.33334;276.66666
2015-07-16;Y;19.333334;17.933332;17.4;76.0;81.666664;91.333336;3.6333334;4.0666666;2.8;176.66667;296.66666;283.33334
2015-07-17;Y;21.833334;19.333334;17.933332;66.666664;76.0;81.666664;2.6333334;3.6333334;4.0666666;160.0;176.66667;296.66666
2015-07-18;N;26.133333;21.833334;19.333334;52.666668;66.666664;76.0;5.1;2.6333334;3.6333334;206.66667;160.0;176.66667
2015-07-19;N;21.1;26.133333;21.833334;82.333336;52.666668;66.666664;2.5333333;5.1;2.6333334;126.666664;206.66667;160.0
2015-07-20;Y;19.0;21.1;26.133333;71.333336;82.333336;52.666668;3.1666667;2.5333333;5.1;266.66666;126.666664;206.66667
2015-07-21;Y;23.633333;19.0;21.1;76.0;71.333336;82.333336;3.9;3.1666667;2.5333333;243.33333;266.66666;126.666664
2015-07-22;Y;22.4;23.633333;19.0;70.333336;76.0;71.333336;1.3666667;3.9;3.1666667;186.66667;243.33333;266.66666
2015-07-23;Y;19.0;22.4;23.633333;83.666664;70.333336;76.0;3.5666666;1.3666667;3.9;313.33334;186.66667;243.33333
2015-07-24;Y;19.966667;19.0;22.4;73.0;83.666664;70.333336;1.8;3.5666666;1.3666667;53.333332;313.33334;186.66667
2015-07-25;N;20.9;19.966667;19.0;79.0;73.0;83.666664;5.4666667;1.8;3.5666666;200.0;53.333332;313.33334
2015-07-26;N;15.3;20.9;19.966667;58.333332;79.0;73.0;7.3;5.4666667;1.8;263.33334;200.0;53.333332
2015-07-27;Y;17.333334;15.3;20.9;59.666668;58.333332;79.0;3.5666666;7.3;5.4666667;190.0;263.33334;200.0
2015-07-28;Y;17.933332;17.333334;15.3;68.0;59.666668;58.333332;5.366667;3.5666666;7.3;243.33333;190.0;263.33334
2015-07-29;Y;16.966667;17.933332;17.333334;56.0;68.0;59.666668;5.1;5.366667;3.5666666;233.33333;243.33333;190.0
2015-07-30;Y;15.4;16.966667;17.933332;54.0;56.0;68.0;6.4333334;5.1;5.366667;246.66667;233.33333;243.33333
2015-07-31;Y;13.666667;15.4;16.966667;66.333336;54.0;56.0;3.6333334;6.4333334;5.1;283.33334;246.66667;233.33333
2015-08-01;N;12.866667;13.666667;15.4;73.0;66.333336;54.0;2.1666667;3.6333334;6.4333334;116.666664;283.33334;246.66667
2015-08-02;N;19.0;12.866667;13.666667;65.666664;73.0;66.333336;1.6333333;2.1666667;3.6333334;206.66667;116.666664;283.33334
2015-08-03;Y;19.266666;19.0;12.866667;68.666664;65.666664;73.0;2.4;1.6333333;2.1666667;176.66667;206.66667;116.666664
2015-08-04;Y;22.166666;19.266666;19.0;62.0;68.666664;65.666664;3.4333334;2.4;1.6333333;150.0;176.66667;206.66667
2015-08-05;Y;18.833334;22.166666;19.266666;82.333336;62.0;68.666664;3.5;3.4333334;2.4;293.33334;150.0;176.66667
2015-08-06;Y;22.266666;18.833334;22.166666;67.666664;82.333336;62.0;3.2666667;3.5;3.4333334;156.66667;293.33334;150.0
2015-08-07;Y;24.466667;22.266666;18.833334;56.333332;67.666664;82.333336;3.1666667;3.2666667;3.5;150.0;156.66667;293.33334
2015-08-08;N;26.966667;24.466667;22.266666;46.666668;56.333332;67.666664;3.2;3.1666667;3.2666667;160.0;150.0;156.66667
2015-08-09;N;19.933332;26.966667;24.466667;72.333336;46.666668;56.333332;2.6666667;3.2;3.1666667;346.66666;160.0;150.0
2015-08-10;Y;22.433332;19.933332;26.966667;75.0;72.333336;46.666668;2.3;2.6666667;3.2;43.333332;346.66666;160.0
2015-08-11;Y;23.766666;22.433332;19.933332;60.333332;75.0;72.333336;3.8666666;2.3;2.6666667;203.33333;43.333332;346.66666
2015-08-12;Y;20.6;23.766666;22.433332;82.0;60.333332;75.0;2.1333334;3.8666666;2.3;300.0;203.33333;43.333332
2015-08-13;Y;21.233334;20.6;23.766666;79.0;82.0;60.333332;3.2666667;2.1333334;3.8666666;43.333332;300.0;203.33333
2015-08-14;Y;23.166666;21.233334;20.6;64.0;79.0;82.0;4.8333335;3.2666667;2.1333334;90.0;43.333332;300.0
2015-08-15;N;23.066668;23.166666;21.233334;67.0;64.0;79.0;3.5;4.8333335;3.2666667;193.33333;90.0;43.333332
2015-08-16;N;19.366667;23.066668;23.166666;92.666664;67.0;64.0;1.3333334;3.5;4.8333335;290.0;193.33333;90.0
2015-08-17;Y;19.966667;19.366667;23.066668;93.333336;92.666664;67.0;1.2;1.3333334;3.5;123.333336;290.0;193.33333
2015-08-18;Y;15.333333;19.966667;19.366667;94.666664;93.333336;92.666664;3.2333333;1.2;1.3333334;273.33334;123.333336;290.0
2015-08-19;Y;15.533334;15.333333;19.966667;95.0;94.666664;93.333336;2.9666667;3.2333333;1.2;310.0;273.33334;123.333336
2015-08-20;Y;15.333333;15.533334;15.333333;92.333336;95.0;94.666664;1.4;2.9666667;3.2333333;56.666668;310.0;273.33334
2015-08-21;Y;13.033334;15.333333;15.533334;87.666664;92.333336;95.0;2.5;1.4;2.9666667;170.0;56.666668;310.0
2015-08-22;N;13.233334;13.033334;15.333333;80.333336;87.666664;92.333336;2.1666667;2.5;1.4;163.33333;170.0;56.666668
2015-08-23;N;12.9;13.233334;13.033334;80.666664;80.333336;87.666664;2.1;2.1666667;2.5;150.0;163.33333;170.0
2015-08-24;Y;17.1;12.9;13.233334;91.0;80.666664;80.333336;5.5666666;2.1;2.1666667;156.66667;150.0;163.33333
2015-08-25;Y;16.266666;17.1;12.9;83.333336;91.0;80.666664;4.6666665;5.5666666;2.1;210.0;156.66667;150.0
2015-08-26;Y;14.633333;16.266666;17.1;78.333336;83.333336;91.0;4.6;4.6666665;5.5666666;166.66667;210.0;156.66667
2015-08-27;Y;18.0;14.633333;16.266666;59.666668;78.333336;83.333336;5.8333335;4.6;4.6666665;150.0;166.66667;210.0
2015-08-28;Y;19.6;18.0;14.633333;82.666664;59.666668;78.333336;3.5666666;5.8333335;4.6;170.0;150.0;166.66667
2015-08-29;N;16.066668;19.6;18.0;97.0;82.666664;59.666668;1.3;3.5666666;5.8333335;156.66667;170.0;150.0
2015-08-30;N;19.166666;16.066668;19.6;84.666664;97.0;82.666664;1.8666667;1.3;3.5666666;136.66667;156.66667;170.0
2015-08-31;Y;21.6;19.166666;16.066668;78.666664;84.666664;97.0;3.8666666;1.8666667;1.3;170.0;136.66667;156.66667
2015-09-01;Y;21.566668;21.6;19.166666;79.0;78.666664;84.666664;2.4333334;3.8666666;1.8666667;216.66667;170.0;136.66667
2015-09-02;Y;14.766666;21.566668;21.6;83.666664;79.0;78.666664;3.1;2.4333334;3.8666666;283.33334;216.66667;170.0
2015-09-03;Y;15.266666;14.766666;21.566668;76.333336;83.666664;79.0;3.7333333;3.1;2.4333334;133.33333;283.33334;216.66667
2015-09-04;Y;12.166667;15.266666;14.766666;99.0;76.333336;83.666664;2.2;3.7333333;3.1;186.66667;133.33333;283.33334
2015-09-05;N;12.8;12.166667;15.266666;68.0;99.0;76.333336;5.2;2.2;3.7333333;216.66667;186.66667;133.33333
2015-09-06;N;11.4;12.8;12.166667;74.333336;68.0;99.0;7.9666667;5.2;2.2;250.0;216.66667;186.66667
2015-09-07;Y;11.3;11.4;12.8;84.333336;74.333336;68.0;4.7;7.9666667;5.2;276.66666;250.0;216.66667
2015-09-08;Y;8.966666;11.3;11.4;90.0;84.333336;74.333336;2.2666667;4.7;7.9666667;270.0;276.66666;250.0
2015-09-09;Y;10.066667;8.966666;11.3;87.333336;90.0;84.333336;1.8;2.2666667;4.7;133.33333;270.0;276.66666
2015-09-10;Y;9.633333;10.066667;8.966666;92.333336;87.333336;90.0;1.3;1.8;2.2666667;136.66667;133.33333;270.0
2015-09-11;Y;8.866667;9.633333;10.066667;98.333336;92.333336;87.333336;1.7333333;1.3;1.8;146.66667;136.66667;133.33333
2015-09-12;N;13.6;8.866667;9.633333;88.0;98.333336;92.333336;6.133333;1.7333333;1.3;143.33333;146.66667;136.66667
2015-09-13;N;16.066668;13.6;8.866667;78.666664;88.0;98.333336;5.9333334;6.133333;1.7333333;146.66667;143.33333;146.66667
2015-09-14;Y;17.9;16.066668;13.6;69.666664;78.666664;88.0;7.3;5.9333334;6.133333;160.0;146.66667;143.33333
2015-09-15;Y;14.0;17.9;16.066668;87.333336;69.666664;78.666664;4.3;7.3;5.9333334;170.0;160.0;146.66667
2015-09-16;Y;13.966666;14.0;17.9;81.0;87.333336;69.666664;4.733333;4.3;7.3;133.33333;170.0;160.0
2015-09-17;Y;18.033333;13.966666;14.0;78.666664;81.0;87.333336;3.2333333;4.733333;4.3;193.33333;133.33333;170.0
2015-09-18;Y;14.566667;18.033333;13.966666;77.0;78.666664;81.0;4.4;3.2333333;4.733333;226.66667;193.33333;133.33333
2015-09-19;N;13.1;14.566667;18.033333;90.666664;77.0;78.666664;2.5666666;4.4;3.2333333;166.66667;226.66667;193.33333
2015-09-20;N;12.8;13.1;14.566667;89.0;90.666664;77.0;3.3666666;2.5666666;4.4;296.66666;166.66667;226.66667
2015-09-21;Y;11.633333;12.8;13.1;86.666664;89.0;90.666664;3.1666667;3.3666666;2.5666666;260.0;296.66666;166.66667
2015-09-22;Y;10.933333;11.633333;12.8;82.666664;86.666664;89.0;5.0666666;3.1666667;3.3666666;143.33333;260.0;296.66666
2015-09-23;Y;13.0;10.933333;11.633333;95.0;82.666664;86.666664;2.4666667;5.0666666;3.1666667;183.33333;143.33333;260.0
2015-09-24;Y;8.5;13.0;10.933333;98.666664;95.0;82.666664;3.2333333;2.4666667;5.0666666;180.0;183.33333;143.33333
2015-09-25;Y;8.4;8.5;13.0;94.333336;98.666664;95.0;3.1333334;3.2333333;2.4666667;180.0;180.0;183.33333
2015-09-26;N;12.233334;8.4;8.5;84.666664;94.333336;98.666664;1.8;3.1333334;3.2333333;326.66666;180.0;180.0
2015-09-27;N;8.4;12.233334;8.4;92.666664;84.666664;94.333336;1.3333334;1.8;3.1333334;303.33334;326.66666;180.0
2015-09-28;Y;5.766667;8.4;12.233334;95.333336;92.666664;84.666664;1.3;1.3333334;1.8;323.33334;303.33334;326.66666
2015-09-29;Y;4.233333;5.766667;8.4;96.666664;95.333336;92.666664;1.3666667;1.3;1.3333334;76.666664;323.33334;303.33334
2015-09-30;Y;3.7666667;4.233333;5.766667;97.0;96.666664;95.333336;2.3666666;1.3666667;1.3;106.666664;76.666664;323.33334
2015-10-01;Y;2.1333334;3.7666667;4.233333;94.333336;97.0;96.666664;2.8;2.3666666;1.3666667;163.33333;106.666664;76.666664
2015-10-02;Y;3.4666667;2.1333334;3.7666667;91.0;94.333336;97.0;3.2666667;2.8;2.3666666;160.0;163.33333;106.666664
2015-10-03;N;9.0;3.4666667;2.1333334;83.333336;91.0;94.333336;4.9666667;3.2666667;2.8;123.333336;160.0;163.33333
2015-10-04;N;10.1;9.0;3.4666667;92.333336;83.333336;91.0;3.5;4.9666667;3.2666667;180.0;123.333336;160.0
2015-10-05;Y;9.7;10.1;9.0;97.0;92.333336;83.333336;1.9333333;3.5;4.9666667;176.66667;180.0;123.333336
2015-10-06;Y;12.733334;9.7;10.1;87.666664;97.0;92.333336;5.366667;1.9333333;3.5;126.666664;176.66667;180.0
2015-10-07;Y;14.366667;12.733334;9.7;95.333336;87.666664;97.0;2.9666667;5.366667;1.9333333;136.66667;126.666664;176.66667
2015-10-08;Y;13.866667;14.366667;12.733334;96.333336;95.333336;87.666664;3.6333334;2.9666667;5.366667;303.33334;136.66667;126.666664
2015-10-09;Y;8.7;13.866667;14.366667;96.0;96.333336;95.333336;2.5666666;3.6333334;2.9666667;63.333332;303.33334;136.66667
2015-10-10;N;4.9333334;8.7;13.866667;86.666664;96.0;96.333336;2.4666667;2.5666666;3.6333334;43.333332;63.333332;303.33334
2015-10-11;N;1.4333333;4.9333334;8.7;72.333336;86.666664;96.0;2.9666667;2.4666667;2.5666666;53.333332;43.333332;63.333332
2015-10-12;Y;-2.1333334;1.4333333;4.9333334;92.0;72.333336;86.666664;2.1333334;2.9666667;2.4666667;40.0;53.333332;43.333332
2015-10-13;Y;3.3;-2.1333334;1.4333333;81.666664;92.0;72.333336;4.1;2.1333334;2.9666667;83.333336;40.0;53.333332
2015-10-14;Y;2.5;3.3;-2.1333334;98.333336;81.666664;92.0;4.133333;4.1;2.1333334;56.666668;83.333336;40.0
2015-10-15;Y;4.1;2.5;3.3;98.333336;98.333336;81.666664;0.76666665;4.133333;4.1;320.0;56.666668;83.333336
2015-10-16;Y;7.4333334;4.1;2.5;96.333336;98.333336;98.333336;2.6333334;0.76666665;4.133333;240.0;320.0;56.666668
2015-10-17;N;7.0666666;7.4333334;4.1;98.666664;96.333336;98.333336;1.3333334;2.6333334;0.76666665;193.33333;240.0;320.0
2015-10-18;N;7.5;7.0666666;7.4333334;96.666664;98.666664;96.333336;1.1666666;1.3333334;2.6333334;283.33334;193.33333;240.0
2015-10-19;Y;6.9666667;7.5;7.0666666;97.0;96.666664;98.666664;0.9;1.1666666;1.3333334;223.33333;283.33334;193.33333
2015-10-20;Y;5.133333;6.9666667;7.5;99.0;97.0;96.666664;1.8;0.9;1.1666666;196.66667;223.33333;283.33334
2015-10-21;Y;8.466666;5.133333;6.9666667;92.666664;99.0;97.0;3.7666667;1.8;0.9;283.33334;196.66667;223.33333
2015-10-22;Y;6.6;8.466666;5.133333;85.666664;92.666664;99.0;3.3666666;3.7666667;1.8;200.0;283.33334;196.66667
2015-10-23;Y;10.266666;6.6;8.466666;85.0;85.666664;92.666664;4.5333333;3.3666666;3.7666667;270.0;200.0;283.33334
2015-10-24;N;3.7333333;10.266666;6.6;100.0;85.0;85.666664;2.6333334;4.5333333;3.3666666;153.33333;270.0;200.0
2015-10-25;N;6.2;3.7333333;10.266666;98.333336;100.0;85.0;2.5666666;2.6333334;4.5333333;243.33333;153.33333;270.0
2015-10-26;Y;7.133333;6.2;3.7333333;99.0;98.333336;100.0;2.7333333;2.5666666;2.6333334;113.333336;243.33333;153.33333
2015-10-27;Y;7.6666665;7.133333;6.2;88.0;99.0;98.333336;5.2;2.7333333;2.5666666;136.66667;113.333336;243.33333
2015-10-28;Y;6.8333335;7.6666665;7.133333;86.0;88.0;99.0;4.9;5.2;2.7333333;130.0;136.66667;113.333336
2015-10-29;Y;2.5666666;6.8333335;7.6666665;99.333336;86.0;88.0;1.6666666;4.9;5.2;183.33333;130.0;136.66667
2015-10-30;Y;9.1;2.5666666;6.8333335;93.666664;99.333336;86.0;1.3333334;1.6666666;4.9;93.333336;183.33333;130.0
2015-10-31;N;7.5333333;9.1;2.5666666;89.0;93.666664;99.333336;4.5666666;1.3333334;1.6666666;133.33333;93.333336;183.33333
2015-11-01;N;9.266666;7.5333333;9.1;72.333336;89.0;93.666664;8.366667;4.5666666;1.3333334;153.33333;133.33333;93.333336
2015-11-02;Y;5.0666666;9.266666;7.5333333;68.333336;72.333336;89.0;5.1666665;8.366667;4.5666666;146.66667;153.33333;133.33333
2015-11-03;Y;3.7666667;5.0666666;9.266666;80.0;68.333336;72.333336;5.4333334;5.1666665;8.366667;150.0;146.66667;153.33333
2015-11-04;Y;2.7666667;3.7666667;5.0666666;89.0;80.0;68.333336;4.266667;5.4333334;5.1666665;173.33333;150.0;146.66667
2015-11-05;Y;7.0;2.7666667;3.7666667;92.666664;89.0;80.0;3.1333334;4.266667;5.4333334;180.0;173.33333;150.0
2015-11-06;Y;7.9333334;7.0;2.7666667;92.0;92.666664;89.0;4.7;3.1333334;4.266667;170.0;180.0;173.33333
2015-11-07;N;11.3;7.9333334;7.0;98.666664;92.0;92.666664;4.3;4.7;3.1333334;240.0;170.0;180.0
2015-11-08;N;16.266666;11.3;7.9333334;72.333336;98.666664;92.0;5.3333335;4.3;4.7;296.66666;240.0;170.0
2015-11-09;Y;15.066667;16.266666;11.3;82.333336;72.333336;98.666664;6.2;5.3333335;4.3;243.33333;296.66666;240.0
2015-11-10;Y;15.566667;15.066667;16.266666;65.333336;82.333336;72.333336;8.366667;6.2;5.3333335;260.0;243.33333;296.66666
2015-11-11;Y;14.8;15.566667;15.066667;83.666664;65.333336;82.333336;5.3333335;8.366667;6.2;266.66666;260.0;243.33333
2015-11-12;Y;11.2;14.8;15.566667;73.0;83.666664;65.333336;6.0666666;5.3333335;8.366667;256.66666;266.66666;260.0
2015-11-13;Y;9.333333;11.2;14.8;82.666664;73.0;83.666664;4.266667;6.0666666;5.3333335;163.33333;256.66666;266.66666
2015-11-14;N;7.4333334;9.333333;11.2;67.666664;82.666664;73.0;8.133333;4.266667;6.0666666;256.66666;163.33333;256.66666
2015-11-15;N;8.266666;7.4333334;9.333333;89.666664;67.666664;82.666664;7.133333;8.133333;4.266667;223.33333;256.66666;163.33333
2015-11-16;Y;12.8;8.266666;7.4333334;82.666664;89.666664;67.666664;6.9;7.133333;8.133333;260.0;223.33333;256.66666
2015-11-17;Y;10.033334;12.8;8.266666;96.0;82.666664;89.666664;4.6666665;6.9;7.133333;210.0;260.0;223.33333
2015-11-18;Y;15.466666;10.033334;12.8;56.666668;96.0;82.666664;11.2;4.6666665;6.9;276.66666;210.0;260.0
2015-11-19;Y;13.166667;15.466666;10.033334;71.666664;56.666668;96.0;6.5;11.2;4.6666665;243.33333;276.66666;210.0
2015-11-20;Y;8.7;13.166667;15.466666;80.333336;71.666664;56.666668;5.6;6.5;11.2;263.33334;243.33333;276.66666
2015-11-21;N;3.4333334;8.7;13.166667;87.333336;80.333336;71.666664;4.0666666;5.6;6.5;246.66667;263.33334;243.33333
2015-11-22;N;2.5666666;3.4333334;8.7;88.666664;87.333336;80.333336;4.4;4.0666666;5.6;280.0;246.66667;263.33334
2015-11-23;Y;0.16666667;2.5666666;3.4333334;93.0;88.666664;87.333336;2.1666667;4.4;4.0666666;220.0;280.0;246.66667
2015-11-24;Y;-3.5;0.16666667;2.5666666;95.666664;93.0;88.666664;4.8;2.1666667;4.4;170.0;220.0;280.0
2015-11-25;Y;1.8;-3.5;0.16666667;74.0;95.666664;93.0;5.366667;4.8;2.1666667;166.66667;170.0;220.0
2015-11-26;Y;2.7666667;1.8;-3.5;92.333336;74.0;95.666664;2.7333333;5.366667;4.8;256.66666;166.66667;170.0
2015-11-27;Y;2.7666667;2.7666667;1.8;96.666664;92.333336;74.0;1.9;2.7333333;5.366667;246.66667;256.66666;166.66667
2015-11-28;N;-3.3666666;2.7666667;2.7666667;95.666664;96.666664;92.333336;2.8666666;1.9;2.7333333;166.66667;246.66667;256.66666
2015-11-29;N;5.4333334;-3.3666666;2.7666667;77.333336;95.666664;96.666664;7.633333;2.8666666;1.9;220.0;166.66667;246.66667
2015-11-30;Y;8.4;5.4333334;-3.3666666;70.666664;77.333336;95.666664;8.133333;7.633333;2.8666666;270.0;220.0;166.66667
2015-12-01;Y;6.6666665;8.4;5.4333334;83.0;70.666664;77.333336;6.4333334;8.133333;7.633333;310.0;270.0;220.0
2015-12-02;Y;11.466666;6.6666665;8.4;81.0;83.0;70.666664;7.3;6.4333334;8.133333;270.0;310.0;270.0
2015-12-03;Y;8.633333;11.466666;6.6666665;70.666664;81.0;83.0;4.0666666;7.3;6.4333334;240.0;270.0;310.0
2015-12-04;Y;5.233333;8.633333;11.466666;80.0;70.666664;81.0;7.7;4.0666666;7.3;160.0;240.0;270.0
2015-12-05;N;0.8333333;5.233333;8.633333;97.0;80.0;70.666664;4.866667;7.7;4.0666666;186.66667;160.0;240.0
2015-12-06;N;8.5;0.8333333;5.233333;70.666664;97.0;80.0;8.566667;4.866667;7.7;210.0;186.66667;160.0
2015-12-07;Y;11.066667;8.5;0.8333333;79.333336;70.666664;97.0;4.4666667;8.566667;4.866667;243.33333;210.0;186.66667
2015-12-08;Y;5.3333335;11.066667;8.5;96.333336;79.333336;70.666664;3.8;4.4666667;8.566667;160.0;243.33333;210.0
2015-12-09;Y;4.1;5.3333335;11.066667;89.333336;96.333336;79.333336;4.0333333;3.8;4.4666667;173.33333;160.0;243.33333
2015-12-10;Y;0.26666668;4.1;5.3333335;97.333336;89.333336;96.333336;4.0333333;4.0333333;3.8;180.0;173.33333;160.0
2015-12-11;Y;1.4666667;0.26666668;4.1;82.666664;97.333336;89.333336;5.7;4.0333333;4.0333333;170.0;180.0;173.33333
2015-12-12;N;6.0333333;1.4666667;0.26666668;80.333336;82.666664;97.333336;5.3;5.7;4.0333333;276.66666;170.0;180.0
2015-12-13;N;10.933333;6.0333333;1.4666667;68.0;80.333336;82.666664;10.433333;5.3;5.7;236.66667;276.66666;170.0
2015-12-14;Y;-0.6;10.933333;6.0333333;96.333336;68.0;80.333336;3.0;10.433333;5.3;153.33333;236.66667;276.66666
2015-12-15;Y;4.733333;-0.6;10.933333;86.0;96.333336;68.0;3.4333334;3.0;10.433333;173.33333;153.33333;236.66667
2015-12-16;Y;4.733333;4.733333;-0.6;91.333336;86.0;96.333336;2.8;3.4333334;3.0;146.66667;173.33333;153.33333
2015-12-17;Y;7.233333;4.733333;4.733333;96.333336;91.333336;86.0;4.1;2.8;3.4333334;186.66667;146.66667;173.33333
2015-12-18;Y;7.3;7.233333;4.733333;94.666664;96.333336;91.333336;3.7666667;4.1;2.8;166.66667;186.66667;146.66667
2015-12-19;N;5.9;7.3;7.233333;98.0;94.666664;96.333336;4.1666665;3.7666667;4.1;180.0;166.66667;186.66667
2015-12-20;N;7.1666665;5.9;7.3;90.666664;98.0;94.666664;6.4333334;4.1666665;3.7666667;156.66667;180.0;166.66667
2015-12-21;Y;6.7;7.1666665;5.9;86.0;90.666664;98.0;5.266667;6.4333334;4.1666665;166.66667;156.66667;180.0
2015-12-22;Y;11.233334;6.7;7.1666665;70.333336;86.0;90.666664;7.5333333;5.266667;6.4333334;243.33333;166.66667;156.66667
2015-12-23;Y;7.2;11.233334;6.7;79.0;70.333336;86.0;9.133333;7.5333333;5.266667;230.0;243.33333;166.66667
2015-12-24;Y;2.6666667;7.2;11.233334;99.333336;79.0;70.333336;3.7666667;9.133333;7.5333333;160.0;230.0;243.33333
2015-12-25;Y;12.033334;2.6666667;7.2;69.0;99.333336;79.0;7.0666666;3.7666667;9.133333;250.0;160.0;230.0
2015-12-26;N;13.333333;12.033334;2.6666667;68.666664;69.0;99.333336;8.266666;7.0666666;3.7666667;233.33333;250.0;160.0
2015-12-27;N;4.5333333;13.333333;12.033334;93.333336;68.666664;69.0;5.0333333;8.266666;7.0666666;210.0;233.33333;250.0
2015-12-28;Y;10.033334;4.5333333;13.333333;90.0;93.333336;68.666664;4.1;5.0333333;8.266666;253.33333;210.0;233.33333
2015-12-29;Y;6.4333334;10.033334;4.5333333;86.0;90.0;93.333336;5.9333334;4.1;5.0333333;126.666664;253.33333;210.0
2015-12-30;Y;3.1333334;6.4333334;10.033334;87.666664;86.0;90.0;4.4;5.9333334;4.1;120.0;126.666664;253.33333
2015-12-31;Y;-1.0666667;3.1333334;6.4333334;48.333332;87.666664;86.0;10.833333;4.4;5.9333334;150.0;120.0;126.666664
2016-01-01;Y;-0.7;-1.0666667;3.1333334;92.0;48.333332;87.666664;3.3666666;10.833333;4.4;180.0;150.0;120.0
2016-01-02;N;0.36666667;-0.7;-1.0666667;93.333336;92.0;48.333332;4.2;3.3666666;10.833333;130.0;180.0;150.0
2016-01-03;N;-1.9333333;0.36666667;-0.7;76.666664;93.333336;92.0;5.9;4.2;3.3666666;83.333336;130.0;180.0
2016-01-04;Y;-3.6333334;-1.9333333;0.36666667;68.666664;76.666664;93.333336;8.066667;5.9;4.2;146.66667;83.333336;130.0
2016-01-05;Y;-3.6;-3.6333334;-1.9333333;88.333336;68.666664;76.666664;2.1666667;8.066667;5.9;113.333336;146.66667;83.333336
2016-01-06;Y;-2.4333334;-3.6;-3.6333334;91.666664;88.333336;68.666664;1.9666667;2.1666667;8.066667;233.33333;113.333336;146.66667
2016-01-07;Y;-3.0333333;-2.4333334;-3.6;95.0;91.666664;88.333336;1.2333333;1.9666667;2.1666667;163.33333;233.33333;113.333336
2016-01-08;Y;4.9;-3.0333333;-2.4333334;66.333336;95.0;91.666664;6.633333;1.2333333;1.9666667;233.33333;163.33333;233.33333
2016-01-09;N;-2.0666666;4.9;-3.0333333;90.333336;66.333336;95.0;3.8333333;6.633333;1.2333333;156.66667;233.33333;163.33333
2016-01-10;N;1.9666667;-2.0666666;4.9;90.333336;90.333336;66.333336;6.266667;3.8333333;6.633333;150.0;156.66667;233.33333
2016-01-11;Y;3.6333334;1.9666667;-2.0666666;98.666664;90.333336;90.333336;2.7;6.266667;3.8333333;206.66667;150.0;156.66667
2016-01-12;Y;5.0333333;3.6333334;1.9666667;88.0;98.666664;90.333336;6.6;2.7;6.266667;260.0;206.66667;150.0
2016-01-13;Y;5.1;5.0333333;3.6333334;74.0;88.0;98.666664;6.0666666;6.6;2.7;233.33333;260.0;206.66667
2016-01-14;Y;2.0333333;5.1;5.0333333;86.333336;74.0;88.0;3.9;6.0666666;6.6;240.0;233.33333;260.0
2016-01-15;Y;0.5;2.0333333;5.1;97.666664;86.333336;74.0;3.6;3.9;6.0666666;183.33333;240.0;233.33333
2016-01-16;N;-0.5;0.5;2.0333333;91.0;97.666664;86.333336;4.233333;3.6;3.9;316.66666;183.33333;240.0
2016-01-17;N;-1.1;-0.5;0.5;95.0;91.0;97.666664;4.733333;4.233333;3.6;313.33334;316.66666;183.33333
2016-01-18;Y;-3.4;-1.1;-0.5;93.0;95.0;91.0;1.4333333;4.733333;4.233333;236.66667;313.33334;316.66666
2016-01-19;Y;-12.566667;-3.4;-1.1;92.333336;93.0;95.0;3.1;1.4333333;4.733333;163.33333;236.66667;313.33334
2016-01-20;Y;-3.0666666;-12.566667;-3.4;82.666664;92.333336;93.0;4.4333334;3.1;1.4333333;233.33333;163.33333;236.66667
2016-01-21;Y;-3.7333333;-3.0666666;-12.566667;87.0;82.666664;92.333336;2.7666667;4.4333334;3.1;330.0;233.33333;163.33333
2016-01-22;Y;-15.033334;-3.7333333;-3.0666666;92.0;87.0;82.666664;4.366667;2.7666667;4.4333334;170.0;330.0;233.33333
2016-01-23;N;-5.1;-15.033334;-3.7333333;85.0;92.0;87.0;6.266667;4.366667;2.7666667;156.66667;170.0;330.0
2016-01-24;N;3.7;-5.1;-15.033334;88.0;85.0;92.0;3.9666667;6.266667;4.366667;253.33333;156.66667;170.0
2016-01-25;Y;5.4333334;3.7;-5.1;96.666664;88.0;85.0;5.9666667;3.9666667;6.266667;260.0;253.33333;156.66667
2016-01-26;Y;2.5666666;5.4333334;3.7;99.333336;96.666664;88.0;3.3333333;5.9666667;3.9666667;213.33333;260.0;253.33333
2016-01-27;Y;11.133333;2.5666666;5.4333334;62.333332;99.333336;96.666664;7.0;3.3333333;5.9666667;230.0;213.33333;260.0
2016-01-28;Y;13.333333;11.133333;2.5666666;56.666668;62.333332;99.333336;8.833333;7.0;3.3333333;250.0;230.0;213.33333
2016-01-29;Y;-1.3666667;13.333333;11.133333;96.0;56.666668;62.333332;4.6666665;8.833333;7.0;200.0;250.0;230.0
2016-01-30;N;7.0666666;-1.3666667;13.333333;72.666664;96.0;56.666668;8.1;4.6666665;8.833333;223.33333;200.0;250.0
2016-01-31;N;3.0;7.0666666;-1.3666667;75.333336;72.666664;96.0;7.366667;8.1;4.6666665;240.0;223.33333;200.0
2016-02-01;Y;6.4;3.0;7.0666666;97.333336;75.333336;72.666664;3.6666667;7.366667;8.1;300.0;240.0;223.33333
2016-02-02;Y;12.466666;6.4;3.0;64.666664;97.333336;75.333336;9.266666;3.6666667;7.366667;240.0;300.0;240.0
2016-02-03;Y;5.5;12.466666;6.4;71.0;64.666664;97.333336;7.733333;9.266666;3.6666667;253.33333;240.0;300.0
2016-02-04;Y;3.8;5.5;12.466666;75.0;71.0;64.666664;6.9;7.733333;9.266666;263.33334;253.33333;240.0
2016-02-05;Y;3.0;3.8;5.5;85.333336;75.0;71.0;3.2333333;6.9;7.733333;286.66666;263.33334;253.33333
2016-02-06;N;3.3666666;3.0;3.8;97.0;85.333336;75.0;3.5666666;3.2333333;6.9;136.66667;286.66666;263.33334
2016-02-07;N;4.866667;3.3666666;3.0;76.666664;97.0;85.333336;10.066667;3.5666666;3.2333333;160.0;136.66667;286.66666
2016-02-08;Y;7.133333;4.866667;3.3666666;64.333336;76.666664;97.0;6.366667;10.066667;3.5666666;183.33333;160.0;136.66667
2016-02-09;Y;8.033334;7.133333;4.866667;57.0;64.333336;76.666664;7.5;6.366667;10.066667;233.33333;183.33333;160.0
2016-02-10;Y;4.6666665;8.033334;7.133333;65.666664;57.0;64.333336;4.7;7.5;6.366667;260.0;233.33333;183.33333
2016-02-11;Y;4.7;4.6666665;8.033334;73.666664;65.666664;57.0;7.733333;4.7;7.5;260.0;260.0;233.33333
2016-02-12;Y;0.8;4.7;4.6666665;93.333336;73.666664;65.666664;3.8666666;7.733333;4.7;210.0;260.0;260.0
2016-02-13;N;-2.6;0.8;4.7;98.666664;93.333336;73.666664;3.1666667;3.8666666;7.733333;100.0;210.0;260.0
2016-02-14;N;4.4333334;-2.6;0.8;86.666664;98.666664;93.333336;5.3333335;3.1666667;3.8666666;143.33333;100.0;210.0
2016-02-15;Y;5.266667;4.4333334;-2.6;86.333336;86.666664;98.666664;1.8;5.3333335;3.1666667;293.33334;143.33333;100.0
2016-02-16;Y;0.56666666;5.266667;4.4333334;90.0;86.333336;86.666664;4.9;1.8;5.3333335;333.33334;293.33334;143.33333
2016-02-17;Y;-2.9;0.56666666;5.266667;97.333336;90.0;86.333336;4.6666665;4.9;1.8;76.666664;333.33334;293.33334
2016-02-18;Y;1.3333334;-2.9;0.56666666;94.0;97.333336;90.0;3.7;4.6666665;4.9;166.66667;76.666664;333.33334
2016-02-19;Y;-1.1666666;1.3333334;-2.9;97.333336;94.0;97.333336;3.2333333;3.7;4.6666665;190.0;166.66667;76.666664
2016-02-20;N;0.7;-1.1666666;1.3333334;80.666664;97.333336;94.0;5.0;3.2333333;3.7;196.66667;190.0;166.66667
2016-02-21;N;10.0;0.7;-1.1666666;86.0;80.666664;97.333336;8.466666;5.0;3.2333333;273.33334;196.66667;190.0
2016-02-22;Y;11.433333;10.0;0.7;63.0;86.0;80.666664;10.633333;8.466666;5.0;246.66667;273.33334;196.66667
2016-02-23;Y;2.4333334;11.433333;10.0;95.0;63.0;86.0;2.7666667;10.633333;8.466666;240.0;246.66667;273.33334
2016-02-24;Y;2.7;2.4333334;11.433333;87.333336;95.0;63.0;5.133333;2.7666667;10.633333;283.33334;240.0;246.66667
2016-02-25;Y;-2.0666666;2.7;2.4333334;95.0;87.333336;95.0;3.2666667;5.133333;2.7666667;173.33333;283.33334;240.0
2016-02-26;Y;1.2;-2.0666666;2.7;78.0;95.0;87.333336;4.5333333;3.2666667;5.133333;250.0;173.33333;283.33334
2016-02-27;N;-5.0333333;1.2;-2.0666666;97.0;78.0;95.0;2.4333334;4.5333333;3.2666667;123.333336;250.0;173.33333
2016-02-28;N;-4.1;-5.0333333;1.2;96.666664;97.0;78.0;1.7333333;2.4333334;4.5333333;183.33333;123.333336;250.0
2016-02-29;Y;1.3666667;-4.1;-5.0333333;90.333336;96.666664;97.0;8.866667;1.7333333;2.4333334;60.0;183.33333;123.333336
2016-03-01;Y;-0.4;1.3666667;-4.1;99.0;90.333336;96.666664;3.6666667;8.866667;1.7333333;336.66666;60.0;183.33333
2016-03-02;Y;1.4;-0.4;1.3666667;92.333336;99.0;90.333336;5.0;3.6666667;8.866667;173.33333;336.66666;60.0
2016-03-03;Y;0.5;1.4;-0.4;99.666664;92.333336;99.0;2.3666666;5.0;3.6666667;173.33333;173.33333;336.66666
2016-03-04;Y;-2.2333333;0.5;1.4;97.0;99.666664;92.333336;3.8333333;2.3666666;5.0;173.33333;173.33333;173.33333
2016-03-05;N;3.1333334;-2.2333333;0.5;81.666664;97.0;99.666664;6.366667;3.8333333;2.3666666;146.66667;173.33333;173.33333
2016-03-06;N;3.3333333;3.1333334;-2.2333333;93.0;81.666664;97.0;4.8333335;6.366667;3.8333333;276.66666;146.66667;173.33333
2016-03-07;Y;1.7666667;3.3333333;3.1333334;85.0;93.0;81.666664;3.8;4.8333335;6.366667;156.66667;276.66666;146.66667
2016-03-08;Y;0.2;1.7666667;3.3333333;96.333336;85.0;93.0;1.4666667;3.8;4.8333335;300.0;156.66667;276.66666
2016-03-09;Y;-0.8333333;0.2;1.7666667;100.0;96.333336;85.0;3.9333334;1.4666667;3.8;170.0;300.0;156.66667
2016-03-10;Y;3.4666667;-0.8333333;0.2;86.0;100.0;96.333336;2.0;3.9333334;1.4666667;60.0;170.0;300.0
2016-03-11;Y;4.0333333;3.4666667;-0.8333333;89.333336;86.0;100.0;2.0666666;2.0;3.9333334;246.66667;60.0;170.0
2016-03-12;N;3.3666666;4.0333333;3.4666667;89.0;89.333336;86.0;2.5333333;2.0666666;2.0;16.666666;246.66667;60.0
2016-03-13;N;3.0;3.3666666;4.0333333;90.666664;89.0;89.333336;3.4666667;2.5333333;2.0666666;30.0;16.666666;246.66667
2016-03-14;Y;-0.23333333;3.0;3.3666666;91.0;90.666664;89.0;1.2333333;3.4666667;2.5333333;123.333336;30.0;16.666666
2016-03-15;Y;1.3;-0.23333333;3.0;98.333336;91.0;90.666664;3.0;1.2333333;3.4666667;340.0;123.333336;30.0
2016-03-16;Y;2.9666667;1.3;-0.23333333;80.333336;98.333336;91.0;6.2;3.0;1.2333333;63.333332;340.0;123.333336
2016-03-17;Y;-1.8666667;2.9666667;1.3;95.333336;80.333336;98.333336;3.2666667;6.2;3.0;103.333336;63.333332;340.0
2016-03-18;Y;-0.96666664;-1.8666667;2.9666667;94.666664;95.333336;80.333336;3.0666666;3.2666667;6.2;220.0;103.333336;63.333332
2016-03-19;N;4.633333;-0.96666664;-1.8666667;95.0;94.666664;95.333336;2.5333333;3.0666666;3.2666667;306.66666;220.0;103.333336
2016-03-20;N;4.7;4.633333;-0.96666664;75.0;95.0;94.666664;5.6666665;2.5333333;3.0666666;270.0;306.66666;220.0
2016-03-21;Y;4.8333335;4.7;4.633333;85.0;75.0;95.0;4.5333333;5.6666665;2.5333333;276.66666;270.0;306.66666
2016-03-22;Y;4.9333334;4.8333335;4.7;85.666664;85.0;75.0;4.866667;4.5333333;5.6666665;280.0;276.66666;270.0
2016-03-23;Y;5.366667;4.9333334;4.8333335;87.666664;85.666664;85.0;3.5666666;4.866667;4.5333333;290.0;280.0;276.66666
2016-03-24;Y;3.7333333;5.366667;4.9333334;90.333336;87.666664;85.666664;3.1;3.5666666;4.866667;313.33334;290.0;280.0
2016-03-25;Y;4.233333;3.7333333;5.366667;85.0;90.333336;87.666664;2.7666667;3.1;3.5666666;190.0;313.33334;290.0
2016-03-26;N;6.6;4.233333;3.7333333;95.0;85.0;90.333336;3.5666666;2.7666667;3.1;290.0;190.0;313.33334
2016-03-27;N;6.9;6.6;4.233333;75.666664;95.0;85.0;9.366667;3.5666666;2.7666667;156.66667;290.0;190.0
2016-03-28;Y;5.866667;6.9;6.6;85.666664;75.666664;95.0;3.7;9.366667;3.5666666;163.33333;156.66667;290.0
2016-03-29;Y;8.5;5.866667;6.9;69.0;85.666664;75.666664;7.1;3.7;9.366667;240.0;163.33333;156.66667
2016-03-30;Y;7.0666666;8.5;5.866667;79.333336;69.0;85.666664;3.9333334;7.1;3.7;166.66667;240.0;163.33333
2016-03-31;Y;7.7;7.0666666;8.5;90.0;79.333336;69.0;1.2666667;3.9333334;7.1;140.0;166.66667;240.0
2016-04-01;Y;1.7;7.7;7.0666666;97.0;90.0;79.333336;1.9333333;1.2666667;3.9333334;236.66667;140.0;166.66667
2016-04-02;N;2.9;1.7;7.7;88.0;97.0;90.0;4.5666666;1.9333333;1.2666667;136.66667;236.66667;140.0
2016-04-03;N;10.0;2.9;1.7;49.666668;88.0;97.0;8.3;4.5666666;1.9333333;150.0;136.66667;236.66667
2016-04-04;Y;10.366667;10.0;2.9;67.666664;49.666668;88.0;2.7;8.3;4.5666666;146.66667;150.0;136.66667
2016-04-05;Y;9.4;10.366667;10.0;90.333336;67.666664;49.666668;3.2;2.7;8.3;166.66667;146.66667;150.0
2016-04-06;Y;11.433333;9.4;10.366667;76.0;90.333336;67.666664;3.7333333;3.2;2.7;240.0;166.66667;146.66667
2016-04-07;Y;11.166667;11.433333;9.4;66.0;76.0;90.333336;3.4666667;3.7333333;3.2;253.33333;240.0;166.66667
2016-04-08;Y;8.4;11.166667;11.433333;67.0;66.0;76.0;2.1;3.4666667;3.7333333;243.33333;253.33333;240.0
2016-04-09;N;4.0666666;8.4;11.166667;85.333336;67.0;66.0;1.5666667;2.1;3.4666667;216.66667;243.33333;253.33333
2016-04-10;N;6.4666667;4.0666666;8.4;94.0;85.333336;67.0;1.9333333;1.5666667;2.1;123.333336;216.66667;243.33333
2016-04-11;Y;6.9666667;6.4666667;4.0666666;81.666664;94.0;85.333336;1.6;1.9333333;1.5666667;46.666668;123.333336;216.66667
2016-04-12;Y;10.933333;6.9666667;6.4666667;82.0;81.666664;94.0;3.1333334;1.6;1.9333333;156.66667;46.666668;123.333336
2016-04-13;Y;10.766666;10.933333;6.9666667;89.0;82.0;81.666664;2.0666666;3.1333334;1.6;193.33333;156.66667;46.666668
2016-04-14;Y;9.866667;10.766666;10.933333;82.666664;89.0;82.0;4.6;2.0666666;3.1333334;293.33334;193.33333;156.66667
2016-04-15;Y;6.266667;9.866667;10.766666;97.666664;82.666664;89.0;3.8333333;4.6;2.0666666;163.33333;293.33334;193.33333
2016-04-16;N;12.266666;6.266667;9.866667;74.333336;97.666664;82.666664;4.766667;3.8333333;4.6;160.0;163.33333;293.33334
2016-04-17;N;8.966666;12.266666;6.266667;97.666664;74.333336;97.666664;3.0;4.766667;3.8333333;216.66667;160.0;163.33333
2016-04-18;Y;5.8333335;8.966666;12.266666;88.333336;97.666664;74.333336;1.5333333;3.0;4.766667;306.66666;216.66667;160.0
2016-04-19;Y;7.9;5.8333335;8.966666;63.0;88.333336;97.666664;4.7;1.5333333;3.0;253.33333;306.66666;216.66667
2016-04-20;Y;6.0333333;7.9;5.8333335;70.666664;63.0;88.333336;4.7;4.7;1.5333333;290.0;253.33333;306.66666
2016-04-21;Y;4.1;6.0333333;7.9;82.666664;70.666664;63.0;3.2666667;4.7;4.7;173.33333;290.0;253.33333
2016-04-22;Y;5.9666667;4.1;6.0333333;82.666664;82.666664;70.666664;2.7333333;3.2666667;4.7;300.0;173.33333;290.0
2016-04-23;N;5.3;5.9666667;4.1;80.666664;82.666664;82.666664;2.7;2.7333333;3.2666667;296.66666;300.0;173.33333
2016-04-24;N;2.8333333;5.3;5.9666667;79.333336;80.666664;82.666664;4.1;2.7;2.7333333;273.33334;296.66666;300.0
2016-04-25;Y;2.7333333;2.8333333;5.3;80.0;79.333336;80.666664;4.1;4.1;2.7;270.0;273.33334;296.66666
2016-04-26;Y;5.6666665;2.7333333;2.8333333;78.333336;80.0;79.333336;4.733333;4.1;4.1;180.0;270.0;273.33334
2016-04-27;Y;5.366667;5.6666665;2.7333333;58.666668;78.333336;80.0;7.1666665;4.733333;4.1;206.66667;180.0;270.0
2016-04-28;Y;5.866667;5.366667;5.6666665;63.666668;58.666668;78.333336;6.1;7.1666665;4.733333;226.66667;206.66667;180.0
2016-04-29;Y;4.8;5.866667;5.366667;77.0;63.666668;58.666668;3.9;6.1;7.1666665;163.33333;226.66667;206.66667
2016-04-30;N;8.933333;4.8;5.866667;56.0;77.0;63.666668;3.9;3.9;6.1;143.33333;163.33333;226.66667
2016-05-01;N;7.366667;8.933333;4.8;76.666664;56.0;77.0;1.1;3.9;3.9;210.0;143.33333;163.33333
2016-05-02;Y;8.7;7.366667;8.933333;78.0;76.666664;56.0;1.6;1.1;3.9;336.66666;210.0;143.33333
2016-05-03;Y;7.366667;8.7;7.366667;85.333336;78.0;76.666664;2.4;1.6;1.1;176.66667;336.66666;210.0
2016-05-04;Y;7.8;7.366667;8.7;82.333336;85.333336;78.0;5.3;2.4;1.6;313.33334;176.66667;336.66666
2016-05-05;Y;6.0666666;7.8;7.366667;97.666664;82.333336;85.333336;0.8333333;5.3;2.4;296.66666;313.33334;176.66667
2016-05-06;Y;11.933333;6.0666666;7.8;73.666664;97.666664;82.333336;2.5666666;0.8333333;5.3;136.66667;296.66666;313.33334
2016-05-07;N;13.366667;11.933333;6.0666666;65.333336;73.666664;97.666664;3.2666667;2.5666666;0.8333333;130.0;136.66667;296.66666
2016-05-08;N;13.2;13.366667;11.933333;66.333336;65.333336;73.666664;3.7333333;3.2666667;2.5666666;86.666664;130.0;136.66667
2016-05-09;Y;13.566667;13.2;13.366667;74.666664;66.333336;65.333336;4.5;3.7333333;3.2666667;86.666664;86.666664;130.0
2016-05-10;Y;15.266666;13.566667;13.2;65.666664;74.666664;66.333336;3.8666666;4.5;3.7333333;130.0;86.666664;86.666664
2016-05-11;Y;14.966666;15.266666;13.566667;71.0;65.666664;74.666664;5.3333335;3.8666666;4.5;143.33333;130.0;86.666664
2016-05-12;Y;14.833333;14.966666;15.266666;69.0;71.0;65.666664;2.3666666;5.3333335;3.8666666;86.666664;143.33333;130.0
2016-05-13;Y;14.133333;14.833333;14.966666;86.666664;69.0;71.0;2.0666666;2.3666666;5.3333335;336.66666;86.666664;143.33333
2016-05-14;N;10.166667;14.133333;14.833333;79.333336;86.666664;69.0;4.1;2.0666666;2.3666666;306.66666;336.66666;86.666664
2016-05-15;N;6.266667;10.166667;14.133333;74.0;79.333336;86.666664;6.2;4.1;2.0666666;250.0;306.66666;336.66666
2016-05-16;Y;7.5333333;6.266667;10.166667;74.333336;74.0;79.333336;4.866667;6.2;4.1;273.33334;250.0;306.66666
2016-05-17;Y;8.566667;7.5333333;6.266667;71.333336;74.333336;74.0;4.733333;4.866667;6.2;263.33334;273.33334;250.0
2016-05-18;Y;11.4;8.566667;7.5333333;73.333336;71.333336;74.333336;2.2;4.733333;4.866667;216.66667;263.33334;273.33334
2016-05-19;Y;13.0;11.4;8.566667;63.0;73.333336;71.333336;3.3333333;2.2;4.733333;146.66667;216.66667;263.33334
2016-05-20;Y;14.633333;13.0;11.4;76.0;63.0;73.333336;3.3;3.3333333;2.2;253.33333;146.66667;216.66667
2016-05-21;N;14.166667;14.633333;13.0;71.666664;76.0;63.0;2.7333333;3.3;3.3333333;176.66667;253.33333;146.66667
2016-05-22;N;16.933332;14.166667;14.633333;62.666668;71.666664;76.0;4.366667;2.7333333;3.3;150.0;176.66667;253.33333
2016-05-23;Y;18.533333;16.933332;14.166667;68.666664;62.666668;71.666664;3.7333333;4.366667;2.7333333;256.66666;150.0;176.66667
2016-05-24;Y;16.2;18.533333;16.933332;85.666664;68.666664;62.666668;2.6;3.7333333;4.366667;256.66666;256.66666;150.0
2016-05-25;Y;12.166667;16.2;18.533333;91.0;85.666664;68.666664;3.8333333;2.6;3.7333333;286.66666;256.66666;256.66666
2016-05-26;Y;14.366667;12.166667;16.2;83.333336;91.0;85.666664;1.2333333;3.8333333;2.6;313.33334;286.66666;256.66666
2016-05-27;Y;14.733334;14.366667;12.166667;79.666664;83.333336;91.0;1.7333333;1.2333333;3.8333333;130.0;313.33334;286.66666
2016-05-28;N;14.966666;14.733334;14.366667;95.0;79.666664;83.333336;1.4666667;1.7333333;1.2333333;66.666664;130.0;313.33334
2016-05-29;N;18.766666;14.966666;14.733334;78.0;95.0;79.666664;3.6666667;1.4666667;1.7333333;133.33333;66.666664;130.0
2016-05-30;Y;20.666666;18.766666;14.966666;76.666664;78.0;95.0;4.5333333;3.6666667;1.4666667;116.666664;133.33333;66.666664
2016-05-31;Y;18.866667;20.666666;18.766666;72.333336;76.666664;78.0;2.1;4.5333333;3.6666667;256.66666;116.666664;133.33333
2016-06-01;Y;16.933332;18.866667;20.666666;89.333336;72.333336;76.666664;2.8666666;2.1;4.5333333;240.0;256.66666;116.666664
2016-06-02;Y;15.6;16.933332;18.866667;94.0;89.333336;72.333336;3.1333334;2.8666666;2.1;150.0;240.0;256.66666
2016-06-03;Y;16.4;15.6;16.933332;95.0;94.0;89.333336;2.1;3.1333334;2.8666666;240.0;150.0;240.0
2016-06-04;N;15.433333;16.4;15.6;99.0;95.0;94.0;1.4333333;2.1;3.1333334;166.66667;240.0;150.0
2016-06-05;N;16.666666;15.433333;16.4;89.333336;99.0;95.0;2.0666666;1.4333333;2.1;173.33333;166.66667;240.0
2016-06-06;Y;16.266666;16.666666;15.433333;85.666664;89.333336;99.0;1.8666667;2.0666666;1.4333333;136.66667;173.33333;166.66667
2016-06-07;Y;16.733334;16.266666;16.666666;67.666664;85.666664;89.333336;1.7333333;1.8666667;2.0666666;166.66667;136.66667;173.33333
2016-06-08;Y;15.733334;16.733334;16.266666;73.0;67.666664;85.666664;4.0666666;1.7333333;1.8666667;173.33333;166.66667;136.66667
2016-06-09;Y;15.666667;15.733334;16.733334;78.333336;73.0;67.666664;2.9;4.0666666;1.7333333;313.33334;173.33333;166.66667
2016-06-10;Y;15.2;15.666667;15.733334;78.333336;78.333336;73.0;3.6333334;2.9;4.0666666;270.0;313.33334;173.33333
2016-06-11;N;15.933333;15.2;15.666667;67.666664;78.333336;78.333336;1.3666667;3.6333334;2.9;270.0;270.0;313.33334
2016-06-12;N;16.833334;15.933333;15.2;76.0;67.666664;78.333336;2.2666667;1.3666667;3.6333334;173.33333;270.0;270.0
2016-06-13;Y;15.766666;16.833334;15.933333;93.333336;76.0;67.666664;3.0666666;2.2666667;1.3666667;253.33333;173.33333;270.0
2016-06-14;Y;15.433333;15.766666;16.833334;90.333336;93.333336;76.0;3.1;3.0666666;2.2666667;226.66667;253.33333;173.33333
2016-06-15;Y;15.0;15.433333;15.766666;94.333336;90.333336;93.333336;2.1;3.1;3.0666666;216.66667;226.66667;253.33333
2016-06-16;Y;16.066668;15.0;15.433333;76.333336;94.333336;90.333336;2.5333333;2.1;3.1;203.33333;216.66667;226.66667
2016-06-17;Y;14.633333;16.066668;15.0;95.666664;76.333336;94.333336;5.0;2.5333333;2.1;290.0;203.33333;216.66667
2016-06-18;N;17.533333;14.633333;16.066668;66.0;95.666664;76.333336;4.733333;5.0;2.5333333;236.66667;290.0;203.33333
2016-06-19;N;14.733334;17.533333;14.633333;91.666664;66.0;95.666664;2.6666667;4.733333;5.0;210.0;236.66667;290.0
2016-06-20;Y;14.966666;14.733334;17.533333;78.666664;91.666664;66.0;2.2;2.6666667;4.733333;223.33333;210.0;236.66667
2016-06-21;Y;17.166666;14.966666;14.733334;81.666664;78.666664;91.666664;3.1333334;2.2;2.6666667;210.0;223.33333;210.0
2016-06-22;Y;19.4;17.166666;14.966666;76.333336;81.666664;78.666664;3.3333333;3.1333334;2.2;163.33333;210.0;223.33333
2016-06-23;Y;21.166666;19.4;17.166666;75.666664;76.333336;81.666664;2.3666666;3.3333333;3.1333334;156.66667;163.33333;210.0
2016-06-24;Y;23.133333;21.166666;19.4;69.333336;75.666664;76.333336;2.5333333;2.3666666;3.3333333;160.0;156.66667;163.33333
2016-06-25;N;23.1;23.133333;21.166666;76.333336;69.333336;75.666664;1.5666667;2.5333333;2.3666666;280.0;160.0;156.66667
2016-06-26;N;15.766666;23.1;23.133333;88.0;76.333336;69.333336;4.733333;1.5666667;2.5333333;273.33334;280.0;160.0
2016-06-27;Y;17.1;15.766666;23.1;72.0;88.0;76.333336;2.7;4.733333;1.5666667;256.66666;273.33334;280.0
2016-06-28;Y;17.2;17.1;15.766666;83.333336;72.0;88.0;3.3666666;2.7;4.733333;233.33333;256.66666;273.33334
2016-06-29;Y;17.133333;17.2;17.1;94.0;83.333336;72.0;2.6666667;3.3666666;2.7;213.33333;233.33333;256.66666
2016-06-30;Y;18.433332;17.133333;17.2;79.333336;94.0;83.333336;3.8333333;2.6666667;3.3666666;170.0;213.33333;233.33333
2016-07-01;Y;21.3;18.433332;17.133333;69.333336;79.333336;94.0;3.9666667;3.8333333;2.6666667;213.33333;170.0;213.33333
2016-07-02;N;19.733334;21.3;18.433332;88.0;69.333336;79.333336;4.6;3.9666667;3.8333333;160.0;213.33333;170.0
2016-07-03;N;15.333333;19.733334;21.3;69.666664;88.0;69.333336;2.7;4.6;3.9666667;230.0;160.0;213.33333
2016-07-04;Y;14.233334;15.333333;19.733334;79.0;69.666664;88.0;2.5;2.7;4.6;206.66667;230.0;160.0
2016-07-05;Y;14.7;14.233334;15.333333;84.666664;79.0;69.666664;3.2666667;2.5;2.7;160.0;206.66667;230.0
2016-07-06;Y;15.266666;14.7;14.233334;67.666664;84.666664;79.0;6.1666665;3.2666667;2.5;273.33334;160.0;206.66667
2016-07-07;Y;14.533334;15.266666;14.7;70.333336;67.666664;84.666664;3.2666667;6.1666665;3.2666667;286.66666;273.33334;160.0
2016-07-08;Y;16.133333;14.533334;15.266666;71.333336;70.333336;67.666664;3.7666667;3.2666667;6.1666665;163.33333;286.66666;273.33334
2016-07-09;N;17.7;16.133333;14.533334;76.0;71.333336;70.333336;4.3;3.7666667;3.2666667;270.0;163.33333;286.66666
2016-07-10;N;19.733334;17.7;16.133333;66.666664;76.0;71.333336;3.2;4.3;3.7666667;193.33333;270.0;163.33333
2016-07-11;Y;23.3;19.733334;17.7;69.333336;66.666664;76.0;3.5333333;3.2;4.3;180.0;193.33333;270.0
2016-07-12;Y;19.933332;23.3;19.733334;78.333336;69.333336;66.666664;2.0333333;3.5333333;3.2;183.33333;180.0;193.33333
2016-07-13;Y;19.166666;19.933332;23.3;68.666664;78.333336;69.333336;2.5333333;2.0333333;3.5333333;216.66667;183.33333;180.0
2016-07-14;Y;14.0;19.166666;19.933332;95.666664;68.666664;78.333336;5.0333333;2.5333333;2.0333333;313.33334;216.66667;183.33333
2016-07-15;Y;13.366667;14.0;19.166666;89.0;95.666664;68.666664;5.8;5.0333333;2.5333333;280.0;313.33334;216.66667
2016-07-16;N;14.2;13.366667;14.0;80.333336;89.0;95.666664;2.1;5.8;5.0333333;220.0;280.0;313.33334
2016-07-17;N;17.966667;14.2;13.366667;92.333336;80.333336;89.0;2.2;2.1;5.8;273.33334;220.0;280.0
2016-07-18;Y;18.433332;17.966667;14.2;67.666664;92.333336;80.333336;3.5666666;2.2;2.1;273.33334;273.33334;220.0
2016-07-19;Y;18.933332;18.433332;17.966667;75.666664;67.666664;92.333336;1.8333334;3.5666666;2.2;253.33333;273.33334;273.33334
2016-07-20;Y;18.5;18.933332;18.433332;80.0;75.666664;67.666664;3.2;1.8333334;3.5666666;166.66667;253.33333;273.33334
2016-07-21;Y;20.766666;18.5;18.933332;71.333336;80.0;75.666664;4.3333335;3.2;1.8333334;146.66667;166.66667;253.33333
2016-07-22;Y;18.133333;20.766666;18.5;93.333336;71.333336;80.0;1.7666667;4.3333335;3.2;180.0;146.66667;166.66667
2016-07-23;N;18.9;18.133333;20.766666;80.0;93.333336;71.333336;1.1333333;1.7666667;4.3333335;133.33333;180.0;146.66667
2016-07-24;N;19.133333;18.9;18.133333;96.333336;80.0;93.333336;1.7;1.1333333;1.7666667;93.333336;133.33333;180.0
2016-07-25;Y;18.666666;19.133333;18.9;92.333336;96.333336;80.0;1.1;1.7;1.1333333;183.33333;93.333336;133.33333
2016-07-26;Y;20.433332;18.666666;19.133333;84.0;92.333336;96.333336;2.4;1.1;1.7;240.0;183.33333;93.333336
2016-07-27;Y;19.866667;20.433332;18.666666;91.0;84.0;92.333336;2.4;2.4;1.1;116.666664;240.0;183.33333
2016-07-28;Y;18.633333;19.866667;20.433332;88.333336;91.0;84.0;2.2;2.4;2.4;276.66666;116.666664;240.0
2016-07-29;Y;20.933332;18.633333;19.866667;74.0;88.333336;91.0;2.9666667;2.2;2.4;230.0;276.66666;116.666664
2016-07-30;N;19.766666;20.933332;18.633333;74.333336;74.0;88.333336;1.9;2.9666667;2.2;213.33333;230.0;276.66666
2016-07-31;N;18.466667;19.766666;20.933332;86.0;74.333336;74.0;1.9333333;1.9;2.9666667;160.0;213.33333;230.0
2016-08-01;Y;16.0;18.466667;19.766666;84.0;86.0;74.333336;4.1666665;1.9333333;1.9;290.0;160.0;213.33333
2016-08-02;Y;15.5;16.0;18.466667;75.666664;84.0;86.0;3.9666667;4.1666665;1.9333333;166.66667;290.0;160.0
2016-08-03;Y;17.933332;15.5;16.0;82.333336;75.666664;84.0;3.5666666;3.9666667;4.1666665;170.0;166.66667;290.0
2016-08-04;Y;18.766666;17.933332;15.5;92.333336;82.333336;75.666664;3.5666666;3.5666666;3.9666667;180.0;170.0;166.66667
2016-08-05;Y;15.466666;18.766666;17.933332;96.333336;92.333336;82.333336;3.6333334;3.5666666;3.5666666;323.33334;180.0;170.0
2016-08-06;N;17.166666;15.466666;18.766666;82.333336;96.333336;92.333336;3.1333334;3.6333334;3.5666666;263.33334;323.33334;180.0
2016-08-07;N;15.8;17.166666;15.466666;84.0;82.333336;96.333336;2.5;3.1333334;3.6333334;203.33333;263.33334;323.33334
2016-08-08;Y;19.5;15.8;17.166666;70.0;84.0;82.333336;3.9666667;2.5;3.1333334;180.0;203.33333;263.33334
2016-08-09;Y;16.5;19.5;15.8;80.333336;70.0;84.0;1.7;3.9666667;2.5;310.0;180.0;203.33333
2016-08-10;Y;13.566667;16.5;19.5;73.0;80.333336;70.0;1.7;1.7;3.9666667;236.66667;310.0;180.0
2016-08-11;Y;11.1;13.566667;16.5;79.333336;73.0;80.333336;3.1;1.7;1.7;250.0;236.66667;310.0
2016-08-12;Y;14.5;11.1;13.566667;74.666664;79.333336;73.0;3.6666667;3.1;1.7;213.33333;250.0;236.66667
2016-08-13;N;19.166666;14.5;11.1;82.333336;74.666664;79.333336;3.3333333;3.6666667;3.1;226.66667;213.33333;250.0
2016-08-14;N;16.966667;19.166666;14.5;84.333336;82.333336;74.666664;2.1333334;3.3333333;3.6666667;190.0;226.66667;213.33333
2016-08-15;Y;13.9;16.966667;19.166666;87.333336;84.333336;82.333336;1.2666667;2.1333334;3.3333333;213.33333;190.0;226.66667
2016-08-16;Y;12.5;13.9;16.966667;83.666664;87.333336;84.333336;1.6;1.2666667;2.1333334;190.0;213.33333;190.0
2016-08-17;Y;13.166667;12.5;13.9;86.0;83.666664;87.333336;2.4;1.6;1.2666667;356.66666;190.0;213.33333
2016-08-18;Y;10.533334;13.166667;12.5;92.666664;86.0;83.666664;2.9;2.4;1.6;173.33333;356.66666;190.0
2016-08-19;Y;13.666667;10.533334;13.166667;81.0;92.666664;86.0;3.5333333;2.9;2.4;173.33333;173.33333;356.66666
2016-08-20;N;16.033333;13.666667;10.533334;80.666664;81.0;92.666664;2.9;3.5333333;2.9;176.66667;173.33333;173.33333
2016-08-21;N;17.2;16.033333;13.666667;92.666664;80.666664;81.0;2.5666666;2.9;3.5333333;206.66667;176.66667;173.33333
2016-08-22;Y;15.566667;17.2;16.033333;82.0;92.666664;80.666664;2.8333333;2.5666666;2.9;236.66667;206.66667;176.66667
2016-08-23;Y;18.133333;15.566667;17.2;85.0;82.0;92.666664;2.6;2.8333333;2.5666666;203.33333;236.66667;206.66667
2016-08-24;Y;16.733334;18.133333;15.566667;90.333336;85.0;82.0;1.7333333;2.6;2.8333333;160.0;203.33333;236.66667
2016-08-25;Y;18.433332;16.733334;18.133333;77.0;90.333336;85.0;4.9333334;1.7333333;2.6;146.66667;160.0;203.33333
2016-08-26;Y;20.133333;18.433332;16.733334;64.0;77.0;90.333336;6.8333335;4.9333334;1.7333333;150.0;146.66667;160.0
2016-08-27;N;19.633333;20.133333;18.433332;67.0;64.0;77.0;3.3333333;6.8333335;4.9333334;163.33333;150.0;146.66667
2016-08-28;N;19.9;19.633333;20.133333;76.0;67.0;64.0;3.6;3.3333333;6.8333335;156.66667;163.33333;150.0
2016-08-29;Y;20.2;19.9;19.633333;85.666664;76.0;67.0;2.0666666;3.6;3.3333333;243.33333;156.66667;163.33333
2016-08-30;Y;15.3;20.2;19.9;75.333336;85.666664;76.0;1.8333334;2.0666666;3.6;303.33334;243.33333;156.66667
2016-08-31;Y;12.966666;15.3;20.2;78.0;75.333336;85.666664;2.9;1.8333334;2.0666666;150.0;303.33334;243.33333
2016-09-01;Y;14.833333;12.966666;15.3;70.333336;78.0;75.333336;3.4333334;2.9;1.8333334;173.33333;150.0;303.33334
2016-09-02;Y;15.066667;14.833333;12.966666;86.333336;70.333336;78.0;1.6;3.4333334;2.9;270.0;173.33333;150.0
2016-09-03;N;17.2;15.066667;14.833333;81.666664;86.333336;70.333336;2.3666666;1.6;3.4333334;176.66667;270.0;173.33333
2016-09-04;N;18.166666;17.2;15.066667;76.666664;81.666664;86.333336;3.7333333;2.3666666;1.6;206.66667;176.66667;270.0
2016-09-05;Y;16.233334;18.166666;17.2;81.666664;76.666664;81.666664;5.1666665;3.7333333;2.3666666;266.66666;206.66667;176.66667
2016-09-06;Y;14.466666;16.233334;18.166666;94.666664;81.666664;76.666664;2.2;5.1666665;3.7333333;340.0;266.66666;206.66667
2016-09-07;Y;12.766666;14.466666;16.233334;93.0;94.666664;81.666664;1.3333334;2.2;5.1666665;166.66667;340.0;266.66666
2016-09-08;Y;16.7;12.766666;14.466666;87.666664;93.0;94.666664;3.5;1.3333334;2.2;150.0;166.66667;340.0
2016-09-09;Y;17.333334;16.7;12.766666;84.333336;87.666664;93.0;3.0666666;3.5;1.3333334;180.0;150.0;166.66667
2016-09-10;N;16.066668;17.333334;16.7;91.0;84.333336;87.666664;1.9333333;3.0666666;3.5;163.33333;180.0;150.0
2016-09-11;N;20.4;16.066668;17.333334;79.666664;91.0;84.333336;2.1666667;1.9333333;3.0666666;166.66667;163.33333;180.0
2016-09-12;Y;16.966667;20.4;16.066668;88.0;79.666664;91.0;3.5666666;2.1666667;1.9333333;170.0;166.66667;163.33333
2016-09-13;Y;17.133333;16.966667;20.4;87.333336;88.0;79.666664;2.1666667;3.5666666;2.1666667;110.0;170.0;166.66667
2016-09-14;Y;16.066668;17.133333;16.966667;87.0;87.333336;88.0;2.2;2.1666667;3.5666666;126.666664;110.0;170.0
2016-09-15;Y;14.666667;16.066668;17.133333;76.666664;87.0;87.333336;3.4666667;2.2;2.1666667;110.0;126.666664;110.0
2016-09-16;Y;17.366667;14.666667;16.066668;77.0;76.666664;87.0;3.3666666;3.4666667;2.2;166.66667;110.0;126.666664
2016-09-17;N;17.233334;17.366667;14.666667;96.0;77.0;76.666664;2.7;3.3666666;3.4666667;323.33334;166.66667;110.0
2016-09-18;N;15.0;17.233334;17.366667;90.333336;96.0;77.0;4.2;2.7;3.3666666;26.666666;323.33334;166.66667
2016-09-19;Y;12.433333;15.0;17.233334;97.0;90.333336;96.0;2.6333334;4.2;2.7;20.0;26.666666;323.33334
2016-09-20;Y;11.466666;12.433333;15.0;90.0;97.0;90.333336;1.2;2.6333334;4.2;243.33333;20.0;26.666666
2016-09-21;Y;11.466666;11.466666;12.433333;85.0;90.0;97.0;2.2;1.2;2.6333334;236.66667;243.33333;20.0
2016-09-22;Y;8.366667;11.466666;11.466666;98.666664;85.0;90.0;3.0333333;2.2;1.2;163.33333;236.66667;243.33333
2016-09-23;Y;9.966666;8.366667;11.466666;89.0;98.666664;85.0;4.0333333;3.0333333;2.2;170.0;163.33333;236.66667
2016-09-24;N;9.166667;9.966666;8.366667;96.333336;89.0;98.666664;2.9666667;4.0333333;3.0333333;183.33333;170.0;163.33333
2016-09-25;N;10.666667;9.166667;9.966666;92.333336;96.333336;89.0;2.9666667;2.9666667;4.0333333;160.0;183.33333;170.0
2016-09-26;Y;10.9;10.666667;9.166667;85.666664;92.333336;96.333336;2.5666666;2.9666667;2.9666667;170.0;160.0;183.33333
2016-09-27;Y;9.733334;10.9;10.666667;98.333336;85.666664;92.333336;2.3666666;2.5666666;2.9666667;173.33333;170.0;160.0
2016-09-28;Y;11.066667;9.733334;10.9;92.333336;98.333336;85.666664;3.4666667;2.3666666;2.5666666;176.66667;173.33333;170.0
2016-09-29;Y;16.933332;11.066667;9.733334;62.666668;92.333336;98.333336;5.0666666;3.4666667;2.3666666;213.33333;176.66667;173.33333
2016-09-30;Y;17.1;16.933332;11.066667;72.0;62.666668;92.333336;-999.0;5.0666666;3.4666667;346.66666;213.33333;176.66667
2016-10-01;N;12.933333;17.1;16.933332;88.333336;72.0;62.666668;2.9666667;-999.0;5.0666666;120.0;346.66666;213.33333
2016-10-02;N;13.6;12.933333;17.1;78.333336;88.333336;72.0;3.8;2.9666667;-999.0;233.33333;120.0;346.66666
2016-10-03;Y;8.6;13.6;12.933333;93.0;78.333336;88.333336;3.0666666;3.8;2.9666667;170.0;233.33333;120.0
2016-10-04;Y;11.6;8.6;13.6;90.666664;93.0;78.333336;6.233333;3.0666666;3.8;16.666666;170.0;233.33333
2016-10-05;Y;5.766667;11.6;8.6;87.333336;90.666664;93.0;3.4333334;6.233333;3.0666666;323.33334;16.666666;170.0
2016-10-06;Y;8.6;5.766667;11.6;95.333336;87.333336;90.666664;4.5333333;3.4333334;6.233333;133.33333;323.33334;16.666666
2016-10-07;Y;8.2;8.6;5.766667;94.0;95.333336;87.333336;1.6;4.5333333;3.4333334;23.333334;133.33333;323.33334
2016-10-08;N;7.5666666;8.2;8.6;93.333336;94.0;95.333336;3.4;1.6;4.5333333;326.66666;23.333334;133.33333
2016-10-09;N;8.266666;7.5666666;8.2;89.0;93.333336;94.0;3.7333333;3.4;1.6;303.33334;326.66666;23.333334
2016-10-10;Y;8.0;8.266666;7.5666666;89.0;89.0;93.333336;1.7333333;3.7333333;3.4;283.33334;303.33334;326.66666
2016-10-11;Y;5.4;8.0;8.266666;98.333336;89.0;89.0;0.9;1.7333333;3.7333333;176.66667;283.33334;303.33334
2016-10-12;Y;6.5333333;5.4;8.0;92.666664;98.333336;89.0;2.6333334;0.9;1.7333333;26.666666;176.66667;283.33334
2016-10-13;Y;7.9;6.5333333;5.4;89.333336;92.666664;98.333336;3.5;2.6333334;0.9;63.333332;26.666666;176.66667
2016-10-14;Y;7.9;7.9;6.5333333;78.333336;89.333336;92.666664;5.733333;3.5;2.6333334;90.0;63.333332;26.666666
2016-10-15;N;10.766666;7.9;7.9;79.0;78.333336;89.333336;3.7666667;5.733333;3.5;136.66667;90.0;63.333332
2016-10-16;N;10.866667;10.766666;7.9;94.333336;79.0;78.333336;1.9666667;3.7666667;5.733333;176.66667;136.66667;90.0
2016-10-17;Y;8.333333;10.866667;10.766666;97.0;94.333336;79.0;2.3666666;1.9666667;3.7666667;133.33333;176.66667;136.66667
2016-10-18;Y;10.833333;8.333333;10.866667;85.666664;97.0;94.333336;2.3666666;2.3666666;1.9666667;173.33333;133.33333;176.66667
2016-10-19;Y;9.9;10.833333;8.333333;95.0;85.666664;97.0;3.8;2.3666666;2.3666666;173.33333;173.33333;133.33333
2016-10-20;Y;8.2;9.9;10.833333;85.0;95.0;85.666664;1.7333333;3.8;2.3666666;266.66666;173.33333;173.33333
2016-10-21;Y;6.8;8.2;9.9;96.333336;85.0;95.0;2.0;1.7333333;3.8;196.66667;266.66666;173.33333
