"","Date","Time","BEN","NO","NO2","O3","PM10","PM2.5","SO","WEEK_DAY","LUFTTEMPERATUR1","LUFTTEMPERATUR2","LUFTTEMPERATUR3","REL_FEUCHTE1","REL_FEUCHTE2","REL_FEUCHTE3","WINDGESCHWINDIGKEIT1","WINDGESCHWINDIGKEIT2","WINDGESCHWINDIGKEIT3","WINDRICHTUNG1","WINDRICHTUNG2","WINDRICHTUNG3"
"1","2015-04-21",NA,NA,NA,NA,NA,NA,NA,NA,"Y",7.733333,NA,NA,69,NA,NA,4.0666666,NA,NA,256.66666,NA,NA
"2","2015-04-22",NA,NA,NA,NA,NA,NA,NA,NA,"Y",6.233333,7.733333,NA,75,69,NA,4.1666665,4.0666666,NA,286.66666,256.66666,NA
"3","2015-04-23",NA,NA,NA,NA,NA,NA,NA,NA,"Y",4.733333,6.233333,7.733333,84.333336,75,69,2.1,4.1666665,4.0666666,173.33333,286.66666,256.66666
"4","2015-04-24",NA,NA,NA,NA,NA,NA,NA,NA,"Y",7.4666667,4.733333,6.233333,82.333336,84.333336,75,3.3,2.1,4.1666665,173.33333,173.33333,286.66666
"5","2015-04-25",NA,NA,NA,NA,NA,NA,NA,NA,"N",11.266666,7.4666667,4.733333,67.666664,82.333336,84.333336,4.766667,3.3,2.1,170,173.33333,173.33333
"6","2015-04-26",NA,NA,NA,NA,NA,NA,NA,NA,"N",15.033334,11.266666,7.4666667,71,67.666664,82.333336,2.9,4.766667,3.3,253.33333,170,173.33333
"7","2015-04-27",NA,NA,NA,NA,NA,NA,NA,NA,"Y",14.066667,15.033334,11.266666,78,71,67.666664,4.8,2.9,4.766667,136.66667,253.33333,170
"8","2015-04-28",NA,NA,NA,NA,NA,NA,NA,NA,"Y",6.7,14.066667,15.033334,88,78,71,3.6666667,4.8,2.9,316.66666,136.66667,253.33333
"9","2015-04-29",NA,NA,NA,NA,NA,NA,NA,NA,"Y",5.9,6.7,14.066667,82,88,78,2.6,3.6666667,4.8,223.33333,316.66666,136.66667
"10","2015-04-30",NA,NA,NA,NA,NA,NA,NA,NA,"Y",8.933333,5.9,6.7,62.333332,82,88,6.233333,2.6,3.6666667,153.33333,223.33333,316.66666
"11","2015-05-01",NA,NA,NA,NA,NA,NA,NA,NA,"Y",7.9333334,8.933333,5.9,88.666664,62.333332,82,2.7333333,6.233333,2.6,273.33334,153.33333,223.33333
"12","2015-05-02",NA,NA,NA,NA,NA,NA,NA,NA,"N",6.6,7.9333334,8.933333,82.333336,88.666664,62.333332,1.6333333,2.7333333,6.233333,266.66666,273.33334,153.33333
"13","2015-05-03",NA,NA,NA,NA,NA,NA,NA,NA,"N",9.266666,6.6,7.9333334,67.333336,82.333336,88.666664,4.633333,1.6333333,2.7333333,140,266.66666,273.33334
"14","2015-05-04",NA,NA,NA,NA,NA,NA,NA,NA,"Y",15.766666,9.266666,6.6,84.333336,67.333336,82.333336,3.3666666,4.633333,1.6333333,233.33333,140,266.66666
"15","2015-05-05",NA,NA,NA,NA,NA,NA,NA,NA,"Y",17.4,15.766666,9.266666,78,84.333336,67.333336,6.2,3.3666666,4.633333,146.66667,233.33333,140
"16","2015-05-06",NA,NA,NA,NA,NA,NA,NA,NA,"Y",15.1,17.4,15.766666,76.333336,78,84.333336,1.2666667,6.2,3.3666666,163.33333,146.66667,233.33333
"17","2015-05-07",NA,NA,NA,NA,NA,NA,NA,NA,"Y",13,15.1,17.4,64.333336,76.333336,78,4.0333333,1.2666667,6.2,220,163.33333,146.66667
"18","2015-05-08",NA,NA,NA,NA,NA,NA,NA,NA,"Y",10.5,13,15.1,74,64.333336,76.333336,3,4.0333333,1.2666667,150,220,163.33333
"19","2015-05-09",NA,NA,NA,NA,NA,NA,NA,NA,"N",13.066667,10.5,13,89.666664,74,64.333336,3.5333333,3,4.0333333,180,150,220
"20","2015-05-10",NA,NA,NA,NA,NA,NA,NA,NA,"N",13.366667,13.066667,10.5,70.666664,89.666664,74,5.9,3.5333333,3,263.33334,180,150
"21","2015-05-11",NA,NA,NA,NA,NA,NA,NA,NA,"Y",8.766666,13.366667,13.066667,77.666664,70.666664,89.666664,2.9,5.9,3.5333333,160,263.33334,180
"22","2015-05-12",NA,NA,NA,NA,NA,NA,NA,NA,"Y",14.633333,8.766666,13.366667,52,77.666664,70.666664,5.1666665,2.9,5.9,160,160,263.33334
"23","2015-05-13",NA,NA,NA,NA,NA,NA,NA,NA,"Y",12.433333,14.633333,8.766666,79.666664,52,77.666664,1.9333333,5.1666665,2.9,263.33334,160,160
"24","2015-05-14",NA,NA,NA,NA,NA,NA,NA,NA,"Y",9.733334,12.433333,14.633333,77.666664,79.666664,52,3.3666666,1.9333333,5.1666665,323.33334,263.33334,160
"25","2015-05-15",NA,NA,NA,NA,NA,NA,NA,NA,"Y",7.733333,9.733334,12.433333,75.666664,77.666664,79.666664,2.0666666,3.3666666,1.9333333,170,323.33334,263.33334
"26","2015-05-16",NA,NA,NA,NA,NA,NA,NA,NA,"N",10,7.733333,9.733334,74,75.666664,77.666664,2.8666666,2.0666666,3.3666666,190,170,323.33334
"27","2015-05-17",NA,NA,NA,NA,NA,NA,NA,NA,"N",9.966666,10,7.733333,66.666664,74,75.666664,4.9,2.8666666,2.0666666,300,190,170
"28","2015-05-18",NA,NA,NA,NA,NA,NA,NA,NA,"Y",11.366667,9.966666,10,62,66.666664,74,4.5333333,4.9,2.8666666,173.33333,300,190
"29","2015-05-19",NA,NA,NA,NA,NA,NA,NA,NA,"Y",17.533333,11.366667,9.966666,55,62,66.666664,5.6,4.5333333,4.9,220,173.33333,300
"30","2015-05-20",NA,NA,NA,NA,NA,NA,NA,NA,"Y",12.8,17.533333,11.366667,69.333336,55,62,1.9333333,5.6,4.5333333,196.66667,220,173.33333
"31","2015-05-21",NA,NA,NA,NA,NA,NA,NA,NA,"Y",11.066667,12.8,17.533333,71,69.333336,55,2.7,1.9333333,5.6,300,196.66667,220
"32","2015-05-22",NA,NA,NA,NA,NA,NA,NA,NA,"Y",10.4,11.066667,12.8,68.666664,71,69.333336,1.6666666,2.7,1.9333333,196.66667,300,196.66667
"33","2015-05-23",NA,NA,NA,NA,NA,NA,NA,NA,"N",9.9,10.4,11.066667,75.666664,68.666664,71,2,1.6666666,2.7,186.66667,196.66667,300
"34","2015-05-24",NA,NA,NA,NA,NA,NA,NA,NA,"N",12.533334,9.9,10.4,80.333336,75.666664,68.666664,3.1333334,2,1.6666666,246.66667,186.66667,196.66667
"35","2015-05-25",NA,NA,NA,NA,NA,NA,NA,NA,"Y",13.833333,12.533334,9.9,76.333336,80.333336,75.666664,3.2,3.1333334,2,170,246.66667,186.66667
"36","2015-05-26",NA,NA,NA,NA,NA,NA,NA,NA,"Y",11.066667,13.833333,12.533334,87,76.333336,80.333336,3.7,3.2,3.1333334,320,170,246.66667
"37","2015-05-27",NA,NA,NA,NA,NA,NA,NA,NA,"Y",9.333333,11.066667,13.833333,75,87,76.333336,4.266667,3.7,3.2,303.33334,320,170
"38","2015-05-28",NA,NA,NA,NA,NA,NA,NA,NA,"Y",11.833333,9.333333,11.066667,70,75,87,3.2,4.266667,3.7,190,303.33334,320
"39","2015-05-29",NA,NA,NA,NA,NA,NA,NA,NA,"Y",13.4,11.833333,9.333333,75.333336,70,75,1.5333333,3.2,4.266667,256.66666,190,303.33334
"40","2015-05-30",NA,NA,NA,NA,NA,NA,NA,NA,"N",11.933333,13.4,11.833333,77,75.333336,70,5.1666665,1.5333333,3.2,250,256.66666,190
"41","2015-05-31",NA,NA,NA,NA,NA,NA,NA,NA,"N",10.5,11.933333,13.4,65.666664,77,75.333336,3.6666667,5.1666665,1.5333333,166.66667,250,256.66666
"42","2015-06-01",NA,NA,NA,NA,NA,NA,NA,NA,"Y",17.966667,10.5,11.933333,66.333336,65.666664,77,4.1666665,3.6666667,5.1666665,196.66667,166.66667,250
"43","2015-06-02",NA,NA,NA,NA,NA,NA,NA,NA,"Y",15.266666,17.966667,10.5,83,66.333336,65.666664,4.4,4.1666665,3.6666667,210,196.66667,166.66667
"44","2015-06-03",NA,NA,NA,NA,NA,NA,NA,NA,"Y",20.933332,15.266666,17.966667,57.666668,83,66.333336,4.3333335,4.4,4.1666665,220,210,196.66667
"45","2015-06-04",NA,NA,NA,NA,NA,NA,NA,NA,"Y",15.266666,20.933332,15.266666,62,57.666668,83,2.2666667,4.3333335,4.4,43.333332,220,210
"46","2015-06-05",NA,NA,NA,NA,NA,NA,NA,NA,"Y",17.166666,15.266666,20.933332,56,62,57.666668,5.1,2.2666667,4.3333335,126.666664,43.333332,220
"47","2015-06-06",NA,NA,NA,NA,NA,NA,NA,NA,"N",21.233334,17.166666,15.266666,49.333332,56,62,4.733333,5.1,2.2666667,160,126.666664,43.333332
"48","2015-06-07",NA,NA,NA,NA,NA,NA,NA,NA,"N",18.033333,21.233334,17.166666,55.333332,49.333332,56,3.6,4.733333,5.1,23.333334,160,126.666664
"49","2015-06-08",NA,NA,NA,NA,NA,NA,NA,NA,"Y",15.133333,18.033333,21.233334,72,55.333332,49.333332,2.5,3.6,4.733333,126.666664,23.333334,160
"50","2015-06-09",NA,NA,NA,NA,NA,NA,NA,NA,"Y",10.366667,15.133333,18.033333,94,72,55.333332,4.1,2.5,3.6,130,126.666664,23.333334
"51","2015-06-10",NA,NA,NA,NA,NA,NA,NA,NA,"Y",13.5,10.366667,15.133333,75.333336,94,72,3.5,4.1,2.5,56.666668,130,126.666664
"52","2015-06-11",NA,NA,NA,NA,NA,NA,NA,NA,"Y",15.2,13.5,10.366667,74.666664,75.333336,94,1.3,3.5,4.1,143.33333,56.666668,130
"53","2015-06-12",NA,NA,NA,NA,NA,NA,NA,NA,"Y",15.733334,15.2,13.5,86.666664,74.666664,75.333336,3.2,1.3,3.5,120,143.33333,56.666668
"54","2015-06-13",NA,NA,NA,NA,NA,NA,NA,NA,"N",20.666666,15.733334,15.2,78.666664,86.666664,74.666664,2.5333333,3.2,1.3,156.66667,120,143.33333
"55","2015-06-14",NA,NA,NA,NA,NA,NA,NA,NA,"N",19.466667,20.666666,15.733334,78.333336,78.666664,86.666664,2.7666667,2.5333333,3.2,226.66667,156.66667,120
"56","2015-06-15",NA,NA,NA,NA,NA,NA,NA,NA,"Y",15.3,19.466667,20.666666,82.666664,78.333336,78.666664,3.3666666,2.7666667,2.5333333,126.666664,226.66667,156.66667
"57","2015-06-16",NA,NA,NA,NA,NA,NA,NA,NA,"Y",13.3,15.3,19.466667,62,82.666664,78.333336,1.1666666,3.3666666,2.7666667,286.66666,126.666664,226.66667
"58","2015-06-17",NA,NA,NA,NA,NA,NA,NA,NA,"Y",12.8,13.3,15.3,63.333332,62,82.666664,1.3,1.1666666,3.3666666,320,286.66666,126.666664
"59","2015-06-18",NA,NA,NA,NA,NA,NA,NA,NA,"Y",14.5,12.8,13.3,77,63.333332,62,2.9666667,1.3,1.1666666,196.66667,320,286.66666
"60","2015-06-19",NA,NA,NA,NA,NA,NA,NA,NA,"Y",11.066667,14.5,12.8,82.666664,77,63.333332,3.7333333,2.9666667,1.3,283.33334,196.66667,320
"61","2015-06-20",NA,NA,NA,NA,NA,NA,NA,NA,"N",11.1,11.066667,14.5,86,82.666664,77,4.0333333,3.7333333,2.9666667,283.33334,283.33334,196.66667
"62","2015-06-21",NA,NA,NA,NA,NA,NA,NA,NA,"N",12.466666,11.1,11.066667,81,86,82.666664,2.9,4.0333333,3.7333333,290,283.33334,283.33334
"63","2015-06-22",NA,NA,NA,NA,NA,NA,NA,NA,"Y",16.133333,12.466666,11.1,73,81,86,4.133333,2.9,4.0333333,250,290,283.33334
"64","2015-06-23",NA,NA,NA,NA,NA,NA,NA,NA,"Y",11.4,16.133333,12.466666,88.333336,73,81,5.3,4.133333,2.9,250,250,290
"65","2015-06-24",NA,NA,NA,NA,NA,NA,NA,NA,"Y",12.233334,11.4,16.133333,89.666664,88.333336,73,4.133333,5.3,4.133333,256.66666,250,250
"66","2015-06-25",NA,NA,NA,NA,NA,NA,NA,NA,"Y",13.766666,12.233334,11.4,75.666664,89.666664,88.333336,3.3,4.133333,5.3,176.66667,256.66666,250
"67","2015-06-26",NA,NA,NA,NA,NA,NA,NA,NA,"Y",15.8,13.766666,12.233334,75.333336,75.666664,89.666664,3.8,3.3,4.133333,173.33333,176.66667,256.66666
"68","2015-06-27",NA,NA,NA,NA,NA,NA,NA,NA,"N",17.866667,15.8,13.766666,83.333336,75.333336,75.666664,3.0666666,3.8,3.3,173.33333,173.33333,176.66667
"69","2015-06-28",NA,NA,NA,NA,NA,NA,NA,NA,"N",14.366667,17.866667,15.8,76.333336,83.333336,75.333336,4.6,3.0666666,3.8,296.66666,173.33333,173.33333
"70","2015-06-29",NA,NA,NA,NA,NA,NA,NA,NA,"Y",15.033334,14.366667,17.866667,80.666664,76.333336,83.333336,3.1,4.6,3.0666666,163.33333,296.66666,173.33333
"71","2015-06-30",NA,NA,NA,NA,NA,NA,NA,NA,"Y",18.566668,15.033334,14.366667,74.666664,80.666664,76.333336,2.2666667,3.1,4.6,256.66666,163.33333,296.66666
"72","2015-07-01",NA,NA,NA,NA,NA,NA,NA,NA,"Y",18.466667,18.566668,15.033334,71,74.666664,80.666664,1.5333333,2.2666667,3.1,66.666664,256.66666,163.33333
"73","2015-07-02",NA,NA,NA,NA,NA,NA,NA,NA,"Y",21.566668,18.466667,18.566668,57.666668,71,74.666664,4.3333335,1.5333333,2.2666667,120,66.666664,256.66666
"74","2015-07-03",NA,NA,NA,NA,NA,NA,NA,NA,"Y",23.6,21.566668,18.466667,50.666668,57.666668,71,5.9666667,4.3333335,1.5333333,146.66667,120,66.666664
"75","2015-07-04",NA,NA,NA,NA,NA,NA,NA,NA,"N",24.566668,23.6,21.566668,56.333332,50.666668,57.666668,3.6,5.9666667,4.3333335,163.33333,146.66667,120
"76","2015-07-05",NA,NA,NA,NA,NA,NA,NA,NA,"N",26.466667,24.566668,23.6,58,56.333332,50.666668,3.7,3.6,5.9666667,156.66667,163.33333,146.66667
"77","2015-07-06",NA,NA,NA,NA,NA,NA,NA,NA,"Y",20.7,26.466667,24.566668,85.666664,58,56.333332,4.766667,3.7,3.6,256.66666,156.66667,163.33333
"78","2015-07-07",NA,NA,NA,NA,NA,NA,NA,NA,"Y",19.366667,20.7,26.466667,68.333336,85.666664,58,2.4,4.766667,3.7,166.66667,256.66666,156.66667
"79","2015-07-08",NA,NA,NA,NA,NA,NA,NA,NA,"Y",20.433332,19.366667,20.7,82.333336,68.333336,85.666664,5.266667,2.4,4.766667,243.33333,166.66667,256.66666
"80","2015-07-09",NA,NA,NA,NA,NA,NA,NA,NA,"Y",17.166666,20.433332,19.366667,68.333336,82.333336,68.333336,5.6666665,5.266667,2.4,233.33333,243.33333,166.66667
"81","2015-07-10",NA,NA,NA,NA,NA,NA,NA,NA,"Y",12.666667,17.166666,20.433332,60.333332,68.333336,82.333336,5.733333,5.6666665,5.266667,280,233.33333,243.33333
"82","2015-07-11",NA,NA,NA,NA,NA,NA,NA,NA,"N",13.166667,12.666667,17.166666,71,60.333332,68.333336,3.1,5.733333,5.6666665,183.33333,280,233.33333
"83","2015-07-12",NA,NA,NA,NA,NA,NA,NA,NA,"N",16,13.166667,12.666667,71,71,60.333332,3.7666667,3.1,5.733333,170,183.33333,280
"84","2015-07-13",NA,NA,NA,NA,NA,NA,NA,NA,"Y",16.166666,16,13.166667,85.666664,71,71,4.4,3.7666667,3.1,276.66666,170,183.33333
"85","2015-07-14",NA,NA,NA,NA,NA,NA,NA,NA,"Y",17.4,16.166666,16,91.333336,85.666664,71,2.8,4.4,3.7666667,283.33334,276.66666,170
"86","2015-07-15",NA,NA,NA,NA,NA,NA,NA,NA,"Y",17.933332,17.4,16.166666,81.666664,91.333336,85.666664,4.0666666,2.8,4.4,296.66666,283.33334,276.66666
"87","2015-07-16",NA,NA,NA,NA,NA,NA,NA,NA,"Y",19.333334,17.933332,17.4,76,81.666664,91.333336,3.6333334,4.0666666,2.8,176.66667,296.66666,283.33334
"88","2015-07-17",NA,NA,NA,NA,NA,NA,NA,NA,"Y",21.833334,19.333334,17.933332,66.666664,76,81.666664,2.6333334,3.6333334,4.0666666,160,176.66667,296.66666
"89","2015-07-18",NA,NA,NA,NA,NA,NA,NA,NA,"N",26.133333,21.833334,19.333334,52.666668,66.666664,76,5.1,2.6333334,3.6333334,206.66667,160,176.66667
"90","2015-07-19",NA,NA,NA,NA,NA,NA,NA,NA,"N",21.1,26.133333,21.833334,82.333336,52.666668,66.666664,2.5333333,5.1,2.6333334,126.666664,206.66667,160
"91","2015-07-20",NA,NA,NA,NA,NA,NA,NA,NA,"Y",19,21.1,26.133333,71.333336,82.333336,52.666668,3.1666667,2.5333333,5.1,266.66666,126.666664,206.66667
"92","2015-07-21",NA,NA,NA,NA,NA,NA,NA,NA,"Y",23.633333,19,21.1,76,71.333336,82.333336,3.9,3.1666667,2.5333333,243.33333,266.66666,126.666664
"93","2015-07-22",NA,NA,NA,NA,NA,NA,NA,NA,"Y",22.4,23.633333,19,70.333336,76,71.333336,1.3666667,3.9,3.1666667,186.66667,243.33333,266.66666
"94","2015-07-23",NA,NA,NA,NA,NA,NA,NA,NA,"Y",19,22.4,23.633333,83.666664,70.333336,76,3.5666666,1.3666667,3.9,313.33334,186.66667,243.33333
"95","2015-07-24",NA,NA,NA,NA,NA,NA,NA,NA,"Y",19.966667,19,22.4,73,83.666664,70.333336,1.8,3.5666666,1.3666667,53.333332,313.33334,186.66667
"96","2015-07-25",NA,NA,NA,NA,NA,NA,NA,NA,"N",20.9,19.966667,19,79,73,83.666664,5.4666667,1.8,3.5666666,200,53.333332,313.33334
"97","2015-07-26",NA,NA,NA,NA,NA,NA,NA,NA,"N",15.3,20.9,19.966667,58.333332,79,73,7.3,5.4666667,1.8,263.33334,200,53.333332
"98","2015-07-27",NA,NA,NA,NA,NA,NA,NA,NA,"Y",17.333334,15.3,20.9,59.666668,58.333332,79,3.5666666,7.3,5.4666667,190,263.33334,200
"99","2015-07-28",NA,NA,NA,NA,NA,NA,NA,NA,"Y",17.933332,17.333334,15.3,68,59.666668,58.333332,5.366667,3.5666666,7.3,243.33333,190,263.33334
"100","2015-07-29",NA,NA,NA,NA,NA,NA,NA,NA,"Y",16.966667,17.933332,17.333334,56,68,59.666668,5.1,5.366667,3.5666666,233.33333,243.33333,190
"101","2015-07-30",NA,NA,NA,NA,NA,NA,NA,NA,"Y",15.4,16.966667,17.933332,54,56,68,6.4333334,5.1,5.366667,246.66667,233.33333,243.33333
"102","2015-07-31",NA,NA,NA,NA,NA,NA,NA,NA,"Y",13.666667,15.4,16.966667,66.333336,54,56,3.6333334,6.4333334,5.1,283.33334,246.66667,233.33333
"103","2015-08-01",NA,NA,NA,NA,NA,NA,NA,NA,"N",12.866667,13.666667,15.4,73,66.333336,54,2.1666667,3.6333334,6.4333334,116.666664,283.33334,246.66667
"104","2015-08-02",NA,NA,NA,NA,NA,NA,NA,NA,"N",19,12.866667,13.666667,65.666664,73,66.333336,1.6333333,2.1666667,3.6333334,206.66667,116.666664,283.33334
"105","2015-08-03",NA,NA,NA,NA,NA,NA,NA,NA,"Y",19.266666,19,12.866667,68.666664,65.666664,73,2.4,1.6333333,2.1666667,176.66667,206.66667,116.666664
"106","2015-08-04",NA,NA,NA,NA,NA,NA,NA,NA,"Y",22.166666,19.266666,19,62,68.666664,65.666664,3.4333334,2.4,1.6333333,150,176.66667,206.66667
"107","2015-08-05",NA,NA,NA,NA,NA,NA,NA,NA,"Y",18.833334,22.166666,19.266666,82.333336,62,68.666664,3.5,3.4333334,2.4,293.33334,150,176.66667
"108","2015-08-06",NA,NA,NA,NA,NA,NA,NA,NA,"Y",22.266666,18.833334,22.166666,67.666664,82.333336,62,3.2666667,3.5,3.4333334,156.66667,293.33334,150
"109","2015-08-07",NA,NA,NA,NA,NA,NA,NA,NA,"Y",24.466667,22.266666,18.833334,56.333332,67.666664,82.333336,3.1666667,3.2666667,3.5,150,156.66667,293.33334
"110","2015-08-08",NA,NA,NA,NA,NA,NA,NA,NA,"N",26.966667,24.466667,22.266666,46.666668,56.333332,67.666664,3.2,3.1666667,3.2666667,160,150,156.66667
"111","2015-08-09",NA,NA,NA,NA,NA,NA,NA,NA,"N",19.933332,26.966667,24.466667,72.333336,46.666668,56.333332,2.6666667,3.2,3.1666667,346.66666,160,150
"112","2015-08-10",NA,NA,NA,NA,NA,NA,NA,NA,"Y",22.433332,19.933332,26.966667,75,72.333336,46.666668,2.3,2.6666667,3.2,43.333332,346.66666,160
"113","2015-08-11",NA,NA,NA,NA,NA,NA,NA,NA,"Y",23.766666,22.433332,19.933332,60.333332,75,72.333336,3.8666666,2.3,2.6666667,203.33333,43.333332,346.66666
"114","2015-08-12",NA,NA,NA,NA,NA,NA,NA,NA,"Y",20.6,23.766666,22.433332,82,60.333332,75,2.1333334,3.8666666,2.3,300,203.33333,43.333332
"115","2015-08-13",NA,NA,NA,NA,NA,NA,NA,NA,"Y",21.233334,20.6,23.766666,79,82,60.333332,3.2666667,2.1333334,3.8666666,43.333332,300,203.33333
"116","2015-08-14",NA,NA,NA,NA,NA,NA,NA,NA,"Y",23.166666,21.233334,20.6,64,79,82,4.8333335,3.2666667,2.1333334,90,43.333332,300
"117","2015-08-15",NA,NA,NA,NA,NA,NA,NA,NA,"N",23.066668,23.166666,21.233334,67,64,79,3.5,4.8333335,3.2666667,193.33333,90,43.333332
"118","2015-08-16",NA,NA,NA,NA,NA,NA,NA,NA,"N",19.366667,23.066668,23.166666,92.666664,67,64,1.3333334,3.5,4.8333335,290,193.33333,90
"119","2015-08-17",NA,NA,NA,NA,NA,NA,NA,NA,"Y",19.966667,19.366667,23.066668,93.333336,92.666664,67,1.2,1.3333334,3.5,123.333336,290,193.33333
"120","2015-08-18",NA,NA,NA,NA,NA,NA,NA,NA,"Y",15.333333,19.966667,19.366667,94.666664,93.333336,92.666664,3.2333333,1.2,1.3333334,273.33334,123.333336,290
"121","2015-08-19",NA,NA,NA,NA,NA,NA,NA,NA,"Y",15.533334,15.333333,19.966667,95,94.666664,93.333336,2.9666667,3.2333333,1.2,310,273.33334,123.333336
"122","2015-08-20",NA,NA,NA,NA,NA,NA,NA,NA,"Y",15.333333,15.533334,15.333333,92.333336,95,94.666664,1.4,2.9666667,3.2333333,56.666668,310,273.33334
"123","2015-08-21",NA,NA,NA,NA,NA,NA,NA,NA,"Y",13.033334,15.333333,15.533334,87.666664,92.333336,95,2.5,1.4,2.9666667,170,56.666668,310
"124","2015-08-22",NA,NA,NA,NA,NA,NA,NA,NA,"N",13.233334,13.033334,15.333333,80.333336,87.666664,92.333336,2.1666667,2.5,1.4,163.33333,170,56.666668
"125","2015-08-23",NA,NA,NA,NA,NA,NA,NA,NA,"N",12.9,13.233334,13.033334,80.666664,80.333336,87.666664,2.1,2.1666667,2.5,150,163.33333,170
"126","2015-08-24",NA,NA,NA,NA,NA,NA,NA,NA,"Y",17.1,12.9,13.233334,91,80.666664,80.333336,5.5666666,2.1,2.1666667,156.66667,150,163.33333
"127","2015-08-25",NA,NA,NA,NA,NA,NA,NA,NA,"Y",16.266666,17.1,12.9,83.333336,91,80.666664,4.6666665,5.5666666,2.1,210,156.66667,150
"128","2015-08-26",NA,NA,NA,NA,NA,NA,NA,NA,"Y",14.633333,16.266666,17.1,78.333336,83.333336,91,4.6,4.6666665,5.5666666,166.66667,210,156.66667
"129","2015-08-27",NA,NA,NA,NA,NA,NA,NA,NA,"Y",18,14.633333,16.266666,59.666668,78.333336,83.333336,5.8333335,4.6,4.6666665,150,166.66667,210
"130","2015-08-28",NA,NA,NA,NA,NA,NA,NA,NA,"Y",19.6,18,14.633333,82.666664,59.666668,78.333336,3.5666666,5.8333335,4.6,170,150,166.66667
"131","2015-08-29",NA,NA,NA,NA,NA,NA,NA,NA,"N",16.066668,19.6,18,97,82.666664,59.666668,1.3,3.5666666,5.8333335,156.66667,170,150
"132","2015-08-30",NA,NA,NA,NA,NA,NA,NA,NA,"N",19.166666,16.066668,19.6,84.666664,97,82.666664,1.8666667,1.3,3.5666666,136.66667,156.66667,170
"133","2015-08-31",NA,NA,NA,NA,NA,NA,NA,NA,"Y",21.6,19.166666,16.066668,78.666664,84.666664,97,3.8666666,1.8666667,1.3,170,136.66667,156.66667
"134","2015-09-01",NA,NA,NA,NA,NA,NA,NA,NA,"Y",21.566668,21.6,19.166666,79,78.666664,84.666664,2.4333334,3.8666666,1.8666667,216.66667,170,136.66667
"135","2015-09-02",NA,NA,NA,NA,NA,NA,NA,NA,"Y",14.766666,21.566668,21.6,83.666664,79,78.666664,3.1,2.4333334,3.8666666,283.33334,216.66667,170
"136","2015-09-03",NA,NA,NA,NA,NA,NA,NA,NA,"Y",15.266666,14.766666,21.566668,76.333336,83.666664,79,3.7333333,3.1,2.4333334,133.33333,283.33334,216.66667
"137","2015-09-04",NA,NA,NA,NA,NA,NA,NA,NA,"Y",12.166667,15.266666,14.766666,99,76.333336,83.666664,2.2,3.7333333,3.1,186.66667,133.33333,283.33334
"138","2015-09-05",NA,NA,NA,NA,NA,NA,NA,NA,"N",12.8,12.166667,15.266666,68,99,76.333336,5.2,2.2,3.7333333,216.66667,186.66667,133.33333
"139","2015-09-06",NA,NA,NA,NA,NA,NA,NA,NA,"N",11.4,12.8,12.166667,74.333336,68,99,7.9666667,5.2,2.2,250,216.66667,186.66667
"140","2015-09-07",NA,NA,NA,NA,NA,NA,NA,NA,"Y",11.3,11.4,12.8,84.333336,74.333336,68,4.7,7.9666667,5.2,276.66666,250,216.66667
"141","2015-09-08",NA,NA,NA,NA,NA,NA,NA,NA,"Y",8.966666,11.3,11.4,90,84.333336,74.333336,2.2666667,4.7,7.9666667,270,276.66666,250
"142","2015-09-09",NA,NA,NA,NA,NA,NA,NA,NA,"Y",10.066667,8.966666,11.3,87.333336,90,84.333336,1.8,2.2666667,4.7,133.33333,270,276.66666
"143","2015-09-10",NA,NA,NA,NA,NA,NA,NA,NA,"Y",9.633333,10.066667,8.966666,92.333336,87.333336,90,1.3,1.8,2.2666667,136.66667,133.33333,270
"144","2015-09-11",NA,NA,NA,NA,NA,NA,NA,NA,"Y",8.866667,9.633333,10.066667,98.333336,92.333336,87.333336,1.7333333,1.3,1.8,146.66667,136.66667,133.33333
"145","2015-09-12",NA,NA,NA,NA,NA,NA,NA,NA,"N",13.6,8.866667,9.633333,88,98.333336,92.333336,6.133333,1.7333333,1.3,143.33333,146.66667,136.66667
"146","2015-09-13",NA,NA,NA,NA,NA,NA,NA,NA,"N",16.066668,13.6,8.866667,78.666664,88,98.333336,5.9333334,6.133333,1.7333333,146.66667,143.33333,146.66667
"147","2015-09-14",NA,NA,NA,NA,NA,NA,NA,NA,"Y",17.9,16.066668,13.6,69.666664,78.666664,88,7.3,5.9333334,6.133333,160,146.66667,143.33333
"148","2015-09-15",NA,NA,NA,NA,NA,NA,NA,NA,"Y",14,17.9,16.066668,87.333336,69.666664,78.666664,4.3,7.3,5.9333334,170,160,146.66667
"149","2015-09-16",NA,NA,NA,NA,NA,NA,NA,NA,"Y",13.966666,14,17.9,81,87.333336,69.666664,4.733333,4.3,7.3,133.33333,170,160
"150","2015-09-17",NA,NA,NA,NA,NA,NA,NA,NA,"Y",18.033333,13.966666,14,78.666664,81,87.333336,3.2333333,4.733333,4.3,193.33333,133.33333,170
"151","2015-09-18",NA,NA,NA,NA,NA,NA,NA,NA,"Y",14.566667,18.033333,13.966666,77,78.666664,81,4.4,3.2333333,4.733333,226.66667,193.33333,133.33333
"152","2015-09-19",NA,NA,NA,NA,NA,NA,NA,NA,"N",13.1,14.566667,18.033333,90.666664,77,78.666664,2.5666666,4.4,3.2333333,166.66667,226.66667,193.33333
"153","2015-09-20",NA,NA,NA,NA,NA,NA,NA,NA,"N",12.8,13.1,14.566667,89,90.666664,77,3.3666666,2.5666666,4.4,296.66666,166.66667,226.66667
"154","2015-09-21",NA,NA,NA,NA,NA,NA,NA,NA,"Y",11.633333,12.8,13.1,86.666664,89,90.666664,3.1666667,3.3666666,2.5666666,260,296.66666,166.66667
"155","2015-09-22",NA,NA,NA,NA,NA,NA,NA,NA,"Y",10.933333,11.633333,12.8,82.666664,86.666664,89,5.0666666,3.1666667,3.3666666,143.33333,260,296.66666
"156","2015-09-23",NA,NA,NA,NA,NA,NA,NA,NA,"Y",13,10.933333,11.633333,95,82.666664,86.666664,2.4666667,5.0666666,3.1666667,183.33333,143.33333,260
"157","2015-09-24",NA,NA,NA,NA,NA,NA,NA,NA,"Y",8.5,13,10.933333,98.666664,95,82.666664,3.2333333,2.4666667,5.0666666,180,183.33333,143.33333
"158","2015-09-25",NA,NA,NA,NA,NA,NA,NA,NA,"Y",8.4,8.5,13,94.333336,98.666664,95,3.1333334,3.2333333,2.4666667,180,180,183.33333
"159","2015-09-26",NA,NA,NA,NA,NA,NA,NA,NA,"N",12.233334,8.4,8.5,84.666664,94.333336,98.666664,1.8,3.1333334,3.2333333,326.66666,180,180
"160","2015-09-27",NA,NA,NA,NA,NA,NA,NA,NA,"N",8.4,12.233334,8.4,92.666664,84.666664,94.333336,1.3333334,1.8,3.1333334,303.33334,326.66666,180
"161","2015-09-28",NA,NA,NA,NA,NA,NA,NA,NA,"Y",5.766667,8.4,12.233334,95.333336,92.666664,84.666664,1.3,1.3333334,1.8,323.33334,303.33334,326.66666
"162","2015-09-29",NA,NA,NA,NA,NA,NA,NA,NA,"Y",4.233333,5.766667,8.4,96.666664,95.333336,92.666664,1.3666667,1.3,1.3333334,76.666664,323.33334,303.33334
"163","2015-09-30",NA,NA,NA,NA,NA,NA,NA,NA,"Y",3.7666667,4.233333,5.766667,97,96.666664,95.333336,2.3666666,1.3666667,1.3,106.666664,76.666664,323.33334
"164","2015-10-01",NA,NA,NA,NA,NA,NA,NA,NA,"Y",2.1333334,3.7666667,4.233333,94.333336,97,96.666664,2.8,2.3666666,1.3666667,163.33333,106.666664,76.666664
"165","2015-10-02",NA,NA,NA,NA,NA,NA,NA,NA,"Y",3.4666667,2.1333334,3.7666667,91,94.333336,97,3.2666667,2.8,2.3666666,160,163.33333,106.666664
"166","2015-10-03",NA,NA,NA,NA,NA,NA,NA,NA,"N",9,3.4666667,2.1333334,83.333336,91,94.333336,4.9666667,3.2666667,2.8,123.333336,160,163.33333
"167","2015-10-04",NA,NA,NA,NA,NA,NA,NA,NA,"N",10.1,9,3.4666667,92.333336,83.333336,91,3.5,4.9666667,3.2666667,180,123.333336,160
"168","2015-10-05",NA,NA,NA,NA,NA,NA,NA,NA,"Y",9.7,10.1,9,97,92.333336,83.333336,1.9333333,3.5,4.9666667,176.66667,180,123.333336
"169","2015-10-06",NA,NA,NA,NA,NA,NA,NA,NA,"Y",12.733334,9.7,10.1,87.666664,97,92.333336,5.366667,1.9333333,3.5,126.666664,176.66667,180
"170","2015-10-07",NA,NA,NA,NA,NA,NA,NA,NA,"Y",14.366667,12.733334,9.7,95.333336,87.666664,97,2.9666667,5.366667,1.9333333,136.66667,126.666664,176.66667
"171","2015-10-08",NA,NA,NA,NA,NA,NA,NA,NA,"Y",13.866667,14.366667,12.733334,96.333336,95.333336,87.666664,3.6333334,2.9666667,5.366667,303.33334,136.66667,126.666664
"172","2015-10-09",NA,NA,NA,NA,NA,NA,NA,NA,"Y",8.7,13.866667,14.366667,96,96.333336,95.333336,2.5666666,3.6333334,2.9666667,63.333332,303.33334,136.66667
"173","2015-10-10",NA,NA,NA,NA,NA,NA,NA,NA,"N",4.9333334,8.7,13.866667,86.666664,96,96.333336,2.4666667,2.5666666,3.6333334,43.333332,63.333332,303.33334
"174","2015-10-11",NA,NA,NA,NA,NA,NA,NA,NA,"N",1.4333333,4.9333334,8.7,72.333336,86.666664,96,2.9666667,2.4666667,2.5666666,53.333332,43.333332,63.333332
"175","2015-10-12",NA,NA,NA,NA,NA,NA,NA,NA,"Y",-2.1333334,1.4333333,4.9333334,92,72.333336,86.666664,2.1333334,2.9666667,2.4666667,40,53.333332,43.333332
"176","2015-10-13",NA,NA,NA,NA,NA,NA,NA,NA,"Y",3.3,-2.1333334,1.4333333,81.666664,92,72.333336,4.1,2.1333334,2.9666667,83.333336,40,53.333332
"177","2015-10-14",NA,NA,NA,NA,NA,NA,NA,NA,"Y",2.5,3.3,-2.1333334,98.333336,81.666664,92,4.133333,4.1,2.1333334,56.666668,83.333336,40
"178","2015-10-15",NA,NA,NA,NA,NA,NA,NA,NA,"Y",4.1,2.5,3.3,98.333336,98.333336,81.666664,0.76666665,4.133333,4.1,320,56.666668,83.333336
"179","2015-10-16",NA,NA,NA,NA,NA,NA,NA,NA,"Y",7.4333334,4.1,2.5,96.333336,98.333336,98.333336,2.6333334,0.76666665,4.133333,240,320,56.666668
"180","2015-10-17",NA,NA,NA,NA,NA,NA,NA,NA,"N",7.0666666,7.4333334,4.1,98.666664,96.333336,98.333336,1.3333334,2.6333334,0.76666665,193.33333,240,320
"181","2015-10-18",NA,NA,NA,NA,NA,NA,NA,NA,"N",7.5,7.0666666,7.4333334,96.666664,98.666664,96.333336,1.1666666,1.3333334,2.6333334,283.33334,193.33333,240
"182","2015-10-19",NA,NA,NA,NA,NA,NA,NA,NA,"Y",6.9666667,7.5,7.0666666,97,96.666664,98.666664,0.9,1.1666666,1.3333334,223.33333,283.33334,193.33333
"183","2015-10-20",NA,NA,NA,NA,NA,NA,NA,NA,"Y",5.133333,6.9666667,7.5,99,97,96.666664,1.8,0.9,1.1666666,196.66667,223.33333,283.33334
"184","2015-10-21",NA,NA,NA,NA,NA,NA,NA,NA,"Y",8.466666,5.133333,6.9666667,92.666664,99,97,3.7666667,1.8,0.9,283.33334,196.66667,223.33333
"185","2015-10-22",NA,NA,NA,NA,NA,NA,NA,NA,"Y",6.6,8.466666,5.133333,85.666664,92.666664,99,3.3666666,3.7666667,1.8,200,283.33334,196.66667
"186","2015-10-23",NA,NA,NA,NA,NA,NA,NA,NA,"Y",10.266666,6.6,8.466666,85,85.666664,92.666664,4.5333333,3.3666666,3.7666667,270,200,283.33334
"187","2015-10-24",NA,NA,NA,NA,NA,NA,NA,NA,"N",3.7333333,10.266666,6.6,100,85,85.666664,2.6333334,4.5333333,3.3666666,153.33333,270,200
"188","2015-10-25",NA,NA,NA,NA,NA,NA,NA,NA,"N",6.2,3.7333333,10.266666,98.333336,100,85,2.5666666,2.6333334,4.5333333,243.33333,153.33333,270
"189","2015-10-26",NA,NA,NA,NA,NA,NA,NA,NA,"Y",7.133333,6.2,3.7333333,99,98.333336,100,2.7333333,2.5666666,2.6333334,113.333336,243.33333,153.33333
"190","2015-10-27",NA,NA,NA,NA,NA,NA,NA,NA,"Y",7.6666665,7.133333,6.2,88,99,98.333336,5.2,2.7333333,2.5666666,136.66667,113.333336,243.33333
"191","2015-10-28",NA,NA,NA,NA,NA,NA,NA,NA,"Y",6.8333335,7.6666665,7.133333,86,88,99,4.9,5.2,2.7333333,130,136.66667,113.333336
"192","2015-10-29",NA,NA,NA,NA,NA,NA,NA,NA,"Y",2.5666666,6.8333335,7.6666665,99.333336,86,88,1.6666666,4.9,5.2,183.33333,130,136.66667
"193","2015-10-30",NA,NA,NA,NA,NA,NA,NA,NA,"Y",9.1,2.5666666,6.8333335,93.666664,99.333336,86,1.3333334,1.6666666,4.9,93.333336,183.33333,130
"194","2015-10-31",NA,NA,NA,NA,NA,NA,NA,NA,"N",7.5333333,9.1,2.5666666,89,93.666664,99.333336,4.5666666,1.3333334,1.6666666,133.33333,93.333336,183.33333
"195","2015-11-01",NA,NA,NA,NA,NA,NA,NA,NA,"N",9.266666,7.5333333,9.1,72.333336,89,93.666664,8.366667,4.5666666,1.3333334,153.33333,133.33333,93.333336
"196","2015-11-02",NA,NA,NA,NA,NA,NA,NA,NA,"Y",5.0666666,9.266666,7.5333333,68.333336,72.333336,89,5.1666665,8.366667,4.5666666,146.66667,153.33333,133.33333
"197","2015-11-03",NA,NA,NA,NA,NA,NA,NA,NA,"Y",3.7666667,5.0666666,9.266666,80,68.333336,72.333336,5.4333334,5.1666665,8.366667,150,146.66667,153.33333
"198","2015-11-04",NA,NA,NA,NA,NA,NA,NA,NA,"Y",2.7666667,3.7666667,5.0666666,89,80,68.333336,4.266667,5.4333334,5.1666665,173.33333,150,146.66667
"199","2015-11-05",NA,NA,NA,NA,NA,NA,NA,NA,"Y",7,2.7666667,3.7666667,92.666664,89,80,3.1333334,4.266667,5.4333334,180,173.33333,150
"200","2015-11-06",NA,NA,NA,NA,NA,NA,NA,NA,"Y",7.9333334,7,2.7666667,92,92.666664,89,4.7,3.1333334,4.266667,170,180,173.33333
"201","2015-11-07",NA,NA,NA,NA,NA,NA,NA,NA,"N",11.3,7.9333334,7,98.666664,92,92.666664,4.3,4.7,3.1333334,240,170,180
"202","2015-11-08",NA,NA,NA,NA,NA,NA,NA,NA,"N",16.266666,11.3,7.9333334,72.333336,98.666664,92,5.3333335,4.3,4.7,296.66666,240,170
"203","2015-11-09",NA,NA,NA,NA,NA,NA,NA,NA,"Y",15.066667,16.266666,11.3,82.333336,72.333336,98.666664,6.2,5.3333335,4.3,243.33333,296.66666,240
"204","2015-11-10",NA,NA,NA,NA,NA,NA,NA,NA,"Y",15.566667,15.066667,16.266666,65.333336,82.333336,72.333336,8.366667,6.2,5.3333335,260,243.33333,296.66666
"205","2015-11-11",NA,NA,NA,NA,NA,NA,NA,NA,"Y",14.8,15.566667,15.066667,83.666664,65.333336,82.333336,5.3333335,8.366667,6.2,266.66666,260,243.33333
"206","2015-11-12",NA,NA,NA,NA,NA,NA,NA,NA,"Y",11.2,14.8,15.566667,73,83.666664,65.333336,6.0666666,5.3333335,8.366667,256.66666,266.66666,260
"207","2015-11-13",NA,NA,NA,NA,NA,NA,NA,NA,"Y",9.333333,11.2,14.8,82.666664,73,83.666664,4.266667,6.0666666,5.3333335,163.33333,256.66666,266.66666
"208","2015-11-14",NA,NA,NA,NA,NA,NA,NA,NA,"N",7.4333334,9.333333,11.2,67.666664,82.666664,73,8.133333,4.266667,6.0666666,256.66666,163.33333,256.66666
"209","2015-11-15",NA,NA,NA,NA,NA,NA,NA,NA,"N",8.266666,7.4333334,9.333333,89.666664,67.666664,82.666664,7.133333,8.133333,4.266667,223.33333,256.66666,163.33333
"210","2015-11-16",NA,NA,NA,NA,NA,NA,NA,NA,"Y",12.8,8.266666,7.4333334,82.666664,89.666664,67.666664,6.9,7.133333,8.133333,260,223.33333,256.66666
"211","2015-11-17",NA,NA,NA,NA,NA,NA,NA,NA,"Y",10.033334,12.8,8.266666,96,82.666664,89.666664,4.6666665,6.9,7.133333,210,260,223.33333
"212","2015-11-18",NA,NA,NA,NA,NA,NA,NA,NA,"Y",15.466666,10.033334,12.8,56.666668,96,82.666664,11.2,4.6666665,6.9,276.66666,210,260
"213","2015-11-19",NA,NA,NA,NA,NA,NA,NA,NA,"Y",13.166667,15.466666,10.033334,71.666664,56.666668,96,6.5,11.2,4.6666665,243.33333,276.66666,210
"214","2015-11-20",NA,NA,NA,NA,NA,NA,NA,NA,"Y",8.7,13.166667,15.466666,80.333336,71.666664,56.666668,5.6,6.5,11.2,263.33334,243.33333,276.66666
"215","2015-11-21",NA,NA,NA,NA,NA,NA,NA,NA,"N",3.4333334,8.7,13.166667,87.333336,80.333336,71.666664,4.0666666,5.6,6.5,246.66667,263.33334,243.33333
"216","2015-11-22",NA,NA,NA,NA,NA,NA,NA,NA,"N",2.5666666,3.4333334,8.7,88.666664,87.333336,80.333336,4.4,4.0666666,5.6,280,246.66667,263.33334
"217","2015-11-23",NA,NA,NA,NA,NA,NA,NA,NA,"Y",0.16666667,2.5666666,3.4333334,93,88.666664,87.333336,2.1666667,4.4,4.0666666,220,280,246.66667
"218","2015-11-24",NA,NA,NA,NA,NA,NA,NA,NA,"Y",-3.5,0.16666667,2.5666666,95.666664,93,88.666664,4.8,2.1666667,4.4,170,220,280
"219","2015-11-25",NA,NA,NA,NA,NA,NA,NA,NA,"Y",1.8,-3.5,0.16666667,74,95.666664,93,5.366667,4.8,2.1666667,166.66667,170,220
"220","2015-11-26",NA,NA,NA,NA,NA,NA,NA,NA,"Y",2.7666667,1.8,-3.5,92.333336,74,95.666664,2.7333333,5.366667,4.8,256.66666,166.66667,170
"221","2015-11-27",NA,NA,NA,NA,NA,NA,NA,NA,"Y",2.7666667,2.7666667,1.8,96.666664,92.333336,74,1.9,2.7333333,5.366667,246.66667,256.66666,166.66667
"222","2015-11-28",NA,NA,NA,NA,NA,NA,NA,NA,"N",-3.3666666,2.7666667,2.7666667,95.666664,96.666664,92.333336,2.8666666,1.9,2.7333333,166.66667,246.66667,256.66666
"223","2015-11-29",NA,NA,NA,NA,NA,NA,NA,NA,"N",5.4333334,-3.3666666,2.7666667,77.333336,95.666664,96.666664,7.633333,2.8666666,1.9,220,166.66667,246.66667
"224","2015-11-30",NA,NA,NA,NA,NA,NA,NA,NA,"Y",8.4,5.4333334,-3.3666666,70.666664,77.333336,95.666664,8.133333,7.633333,2.8666666,270,220,166.66667
"225","2015-12-01",NA,NA,NA,NA,NA,NA,NA,NA,"Y",6.6666665,8.4,5.4333334,83,70.666664,77.333336,6.4333334,8.133333,7.633333,310,270,220
"226","2015-12-02",NA,NA,NA,NA,NA,NA,NA,NA,"Y",11.466666,6.6666665,8.4,81,83,70.666664,7.3,6.4333334,8.133333,270,310,270
"227","2015-12-03",NA,NA,NA,NA,NA,NA,NA,NA,"Y",8.633333,11.466666,6.6666665,70.666664,81,83,4.0666666,7.3,6.4333334,240,270,310
"228","2015-12-04",NA,NA,NA,NA,NA,NA,NA,NA,"Y",5.233333,8.633333,11.466666,80,70.666664,81,7.7,4.0666666,7.3,160,240,270
"229","2015-12-05",NA,NA,NA,NA,NA,NA,NA,NA,"N",0.8333333,5.233333,8.633333,97,80,70.666664,4.866667,7.7,4.0666666,186.66667,160,240
"230","2015-12-06",NA,NA,NA,NA,NA,NA,NA,NA,"N",8.5,0.8333333,5.233333,70.666664,97,80,8.566667,4.866667,7.7,210,186.66667,160
"231","2015-12-07",NA,NA,NA,NA,NA,NA,NA,NA,"Y",11.066667,8.5,0.8333333,79.333336,70.666664,97,4.4666667,8.566667,4.866667,243.33333,210,186.66667
"232","2015-12-08",NA,NA,NA,NA,NA,NA,NA,NA,"Y",5.3333335,11.066667,8.5,96.333336,79.333336,70.666664,3.8,4.4666667,8.566667,160,243.33333,210
"233","2015-12-09",NA,NA,NA,NA,NA,NA,NA,NA,"Y",4.1,5.3333335,11.066667,89.333336,96.333336,79.333336,4.0333333,3.8,4.4666667,173.33333,160,243.33333
"234","2015-12-10",NA,NA,NA,NA,NA,NA,NA,NA,"Y",0.26666668,4.1,5.3333335,97.333336,89.333336,96.333336,4.0333333,4.0333333,3.8,180,173.33333,160
"235","2015-12-11",NA,NA,NA,NA,NA,NA,NA,NA,"Y",1.4666667,0.26666668,4.1,82.666664,97.333336,89.333336,5.7,4.0333333,4.0333333,170,180,173.33333
"236","2015-12-12",NA,NA,NA,NA,NA,NA,NA,NA,"N",6.0333333,1.4666667,0.26666668,80.333336,82.666664,97.333336,5.3,5.7,4.0333333,276.66666,170,180
"237","2015-12-13",NA,NA,NA,NA,NA,NA,NA,NA,"N",10.933333,6.0333333,1.4666667,68,80.333336,82.666664,10.433333,5.3,5.7,236.66667,276.66666,170
"238","2015-12-14",NA,NA,NA,NA,NA,NA,NA,NA,"Y",-0.6,10.933333,6.0333333,96.333336,68,80.333336,3,10.433333,5.3,153.33333,236.66667,276.66666
"239","2015-12-15",NA,NA,NA,NA,NA,NA,NA,NA,"Y",4.733333,-0.6,10.933333,86,96.333336,68,3.4333334,3,10.433333,173.33333,153.33333,236.66667
"240","2015-12-16",NA,NA,NA,NA,NA,NA,NA,NA,"Y",4.733333,4.733333,-0.6,91.333336,86,96.333336,2.8,3.4333334,3,146.66667,173.33333,153.33333
"241","2015-12-17",NA,NA,NA,NA,NA,NA,NA,NA,"Y",7.233333,4.733333,4.733333,96.333336,91.333336,86,4.1,2.8,3.4333334,186.66667,146.66667,173.33333
"242","2015-12-18",NA,NA,NA,NA,NA,NA,NA,NA,"Y",7.3,7.233333,4.733333,94.666664,96.333336,91.333336,3.7666667,4.1,2.8,166.66667,186.66667,146.66667
"243","2015-12-19",NA,NA,NA,NA,NA,NA,NA,NA,"N",5.9,7.3,7.233333,98,94.666664,96.333336,4.1666665,3.7666667,4.1,180,166.66667,186.66667
"244","2015-12-20",NA,NA,NA,NA,NA,NA,NA,NA,"N",7.1666665,5.9,7.3,90.666664,98,94.666664,6.4333334,4.1666665,3.7666667,156.66667,180,166.66667
"245","2015-12-21",NA,NA,NA,NA,NA,NA,NA,NA,"Y",6.7,7.1666665,5.9,86,90.666664,98,5.266667,6.4333334,4.1666665,166.66667,156.66667,180
"246","2015-12-22",NA,NA,NA,NA,NA,NA,NA,NA,"Y",11.233334,6.7,7.1666665,70.333336,86,90.666664,7.5333333,5.266667,6.4333334,243.33333,166.66667,156.66667
"247","2015-12-23",NA,NA,NA,NA,NA,NA,NA,NA,"Y",7.2,11.233334,6.7,79,70.333336,86,9.133333,7.5333333,5.266667,230,243.33333,166.66667
"248","2015-12-24",NA,NA,NA,NA,NA,NA,NA,NA,"Y",2.6666667,7.2,11.233334,99.333336,79,70.333336,3.7666667,9.133333,7.5333333,160,230,243.33333
"249","2015-12-25",NA,NA,NA,NA,NA,NA,NA,NA,"Y",12.033334,2.6666667,7.2,69,99.333336,79,7.0666666,3.7666667,9.133333,250,160,230
"250","2015-12-26",NA,NA,NA,NA,NA,NA,NA,NA,"N",13.333333,12.033334,2.6666667,68.666664,69,99.333336,8.266666,7.0666666,3.7666667,233.33333,250,160
"251","2015-12-27",NA,NA,NA,NA,NA,NA,NA,NA,"N",4.5333333,13.333333,12.033334,93.333336,68.666664,69,5.0333333,8.266666,7.0666666,210,233.33333,250
"252","2015-12-28",NA,NA,NA,NA,NA,NA,NA,NA,"Y",10.033334,4.5333333,13.333333,90,93.333336,68.666664,4.1,5.0333333,8.266666,253.33333,210,233.33333
"253","2015-12-29",NA,NA,NA,NA,NA,NA,NA,NA,"Y",6.4333334,10.033334,4.5333333,86,90,93.333336,5.9333334,4.1,5.0333333,126.666664,253.33333,210
"254","2015-12-30",NA,NA,NA,NA,NA,NA,NA,NA,"Y",3.1333334,6.4333334,10.033334,87.666664,86,90,4.4,5.9333334,4.1,120,126.666664,253.33333
"255","2015-12-31",NA,NA,NA,NA,NA,NA,NA,NA,"Y",-1.0666667,3.1333334,6.4333334,48.333332,87.666664,86,10.833333,4.4,5.9333334,150,120,126.666664
"256","2016-01-01",NA,NA,NA,NA,NA,NA,NA,NA,"Y",-0.7,-1.0666667,3.1333334,92,48.333332,87.666664,3.3666666,10.833333,4.4,180,150,120
"257","2016-01-02",NA,NA,NA,NA,NA,NA,NA,NA,"N",0.36666667,-0.7,-1.0666667,93.333336,92,48.333332,4.2,3.3666666,10.833333,130,180,150
"258","2016-01-03",NA,NA,NA,NA,NA,NA,NA,NA,"N",-1.9333333,0.36666667,-0.7,76.666664,93.333336,92,5.9,4.2,3.3666666,83.333336,130,180
"259","2016-01-04",NA,NA,NA,NA,NA,NA,NA,NA,"Y",-3.6333334,-1.9333333,0.36666667,68.666664,76.666664,93.333336,8.066667,5.9,4.2,146.66667,83.333336,130
"260","2016-01-05",NA,NA,NA,NA,NA,NA,NA,NA,"Y",-3.6,-3.6333334,-1.9333333,88.333336,68.666664,76.666664,2.1666667,8.066667,5.9,113.333336,146.66667,83.333336
"261","2016-01-06",NA,NA,NA,NA,NA,NA,NA,NA,"Y",-2.4333334,-3.6,-3.6333334,91.666664,88.333336,68.666664,1.9666667,2.1666667,8.066667,233.33333,113.333336,146.66667
"262","2016-01-07",NA,NA,NA,NA,NA,NA,NA,NA,"Y",-3.0333333,-2.4333334,-3.6,95,91.666664,88.333336,1.2333333,1.9666667,2.1666667,163.33333,233.33333,113.333336
"263","2016-01-08",NA,NA,NA,NA,NA,NA,NA,NA,"Y",4.9,-3.0333333,-2.4333334,66.333336,95,91.666664,6.633333,1.2333333,1.9666667,233.33333,163.33333,233.33333
"264","2016-01-09",NA,NA,NA,NA,NA,NA,NA,NA,"N",-2.0666666,4.9,-3.0333333,90.333336,66.333336,95,3.8333333,6.633333,1.2333333,156.66667,233.33333,163.33333
"265","2016-01-10",NA,NA,NA,NA,NA,NA,NA,NA,"N",1.9666667,-2.0666666,4.9,90.333336,90.333336,66.333336,6.266667,3.8333333,6.633333,150,156.66667,233.33333
"266","2016-01-11",NA,NA,NA,NA,NA,NA,NA,NA,"Y",3.6333334,1.9666667,-2.0666666,98.666664,90.333336,90.333336,2.7,6.266667,3.8333333,206.66667,150,156.66667
"267","2016-01-12",NA,NA,NA,NA,NA,NA,NA,NA,"Y",5.0333333,3.6333334,1.9666667,88,98.666664,90.333336,6.6,2.7,6.266667,260,206.66667,150
"268","2016-01-13",NA,NA,NA,NA,NA,NA,NA,NA,"Y",5.1,5.0333333,3.6333334,74,88,98.666664,6.0666666,6.6,2.7,233.33333,260,206.66667
"269","2016-01-14",NA,NA,NA,NA,NA,NA,NA,NA,"Y",2.0333333,5.1,5.0333333,86.333336,74,88,3.9,6.0666666,6.6,240,233.33333,260
"270","2016-01-15",NA,NA,NA,NA,NA,NA,NA,NA,"Y",0.5,2.0333333,5.1,97.666664,86.333336,74,3.6,3.9,6.0666666,183.33333,240,233.33333
"271","2016-01-16",NA,NA,NA,NA,NA,NA,NA,NA,"N",-0.5,0.5,2.0333333,91,97.666664,86.333336,4.233333,3.6,3.9,316.66666,183.33333,240
"272","2016-01-17",NA,NA,NA,NA,NA,NA,NA,NA,"N",-1.1,-0.5,0.5,95,91,97.666664,4.733333,4.233333,3.6,313.33334,316.66666,183.33333
"273","2016-01-18",NA,NA,NA,NA,NA,NA,NA,NA,"Y",-3.4,-1.1,-0.5,93,95,91,1.4333333,4.733333,4.233333,236.66667,313.33334,316.66666
"274","2016-01-19",NA,NA,NA,NA,NA,NA,NA,NA,"Y",-12.566667,-3.4,-1.1,92.333336,93,95,3.1,1.4333333,4.733333,163.33333,236.66667,313.33334
"275","2016-01-20",NA,NA,NA,NA,NA,NA,NA,NA,"Y",-3.0666666,-12.566667,-3.4,82.666664,92.333336,93,4.4333334,3.1,1.4333333,233.33333,163.33333,236.66667
"276","2016-01-21",NA,NA,NA,NA,NA,NA,NA,NA,"Y",-3.7333333,-3.0666666,-12.566667,87,82.666664,92.333336,2.7666667,4.4333334,3.1,330,233.33333,163.33333
"277","2016-01-22",NA,NA,NA,NA,NA,NA,NA,NA,"Y",-15.033334,-3.7333333,-3.0666666,92,87,82.666664,4.366667,2.7666667,4.4333334,170,330,233.33333
"278","2016-01-23",NA,NA,NA,NA,NA,NA,NA,NA,"N",-5.1,-15.033334,-3.7333333,85,92,87,6.266667,4.366667,2.7666667,156.66667,170,330
"279","2016-01-24",NA,NA,NA,NA,NA,NA,NA,NA,"N",3.7,-5.1,-15.033334,88,85,92,3.9666667,6.266667,4.366667,253.33333,156.66667,170
"280","2016-01-25",NA,NA,NA,NA,NA,NA,NA,NA,"Y",5.4333334,3.7,-5.1,96.666664,88,85,5.9666667,3.9666667,6.266667,260,253.33333,156.66667
"281","2016-01-26",NA,NA,NA,NA,NA,NA,NA,NA,"Y",2.5666666,5.4333334,3.7,99.333336,96.666664,88,3.3333333,5.9666667,3.9666667,213.33333,260,253.33333
"282","2016-01-27",NA,NA,NA,NA,NA,NA,NA,NA,"Y",11.133333,2.5666666,5.4333334,62.333332,99.333336,96.666664,7,3.3333333,5.9666667,230,213.33333,260
"283","2016-01-28",NA,NA,NA,NA,NA,NA,NA,NA,"Y",13.333333,11.133333,2.5666666,56.666668,62.333332,99.333336,8.833333,7,3.3333333,250,230,213.33333
"284","2016-01-29",NA,NA,NA,NA,NA,NA,NA,NA,"Y",-1.3666667,13.333333,11.133333,96,56.666668,62.333332,4.6666665,8.833333,7,200,250,230
"285","2016-01-30",NA,NA,NA,NA,NA,NA,NA,NA,"N",7.0666666,-1.3666667,13.333333,72.666664,96,56.666668,8.1,4.6666665,8.833333,223.33333,200,250
"286","2016-01-31",NA,NA,NA,NA,NA,NA,NA,NA,"N",3,7.0666666,-1.3666667,75.333336,72.666664,96,7.366667,8.1,4.6666665,240,223.33333,200
"287","2016-02-01",NA,NA,NA,NA,NA,NA,NA,NA,"Y",6.4,3,7.0666666,97.333336,75.333336,72.666664,3.6666667,7.366667,8.1,300,240,223.33333
"288","2016-02-02",NA,NA,NA,NA,NA,NA,NA,NA,"Y",12.466666,6.4,3,64.666664,97.333336,75.333336,9.266666,3.6666667,7.366667,240,300,240
"289","2016-02-03",NA,NA,NA,NA,NA,NA,NA,NA,"Y",5.5,12.466666,6.4,71,64.666664,97.333336,7.733333,9.266666,3.6666667,253.33333,240,300
"290","2016-02-04",NA,NA,NA,NA,NA,NA,NA,NA,"Y",3.8,5.5,12.466666,75,71,64.666664,6.9,7.733333,9.266666,263.33334,253.33333,240
"291","2016-02-05",NA,NA,NA,NA,NA,NA,NA,NA,"Y",3,3.8,5.5,85.333336,75,71,3.2333333,6.9,7.733333,286.66666,263.33334,253.33333
"292","2016-02-06",NA,NA,NA,NA,NA,NA,NA,NA,"N",3.3666666,3,3.8,97,85.333336,75,3.5666666,3.2333333,6.9,136.66667,286.66666,263.33334
"293","2016-02-07",NA,NA,NA,NA,NA,NA,NA,NA,"N",4.866667,3.3666666,3,76.666664,97,85.333336,10.066667,3.5666666,3.2333333,160,136.66667,286.66666
"294","2016-02-08",NA,NA,NA,NA,NA,NA,NA,NA,"Y",7.133333,4.866667,3.3666666,64.333336,76.666664,97,6.366667,10.066667,3.5666666,183.33333,160,136.66667
"295","2016-02-09",NA,NA,NA,NA,NA,NA,NA,NA,"Y",8.033334,7.133333,4.866667,57,64.333336,76.666664,7.5,6.366667,10.066667,233.33333,183.33333,160
"296","2016-02-10",NA,NA,NA,NA,NA,NA,NA,NA,"Y",4.6666665,8.033334,7.133333,65.666664,57,64.333336,4.7,7.5,6.366667,260,233.33333,183.33333
"297","2016-02-11",NA,NA,NA,NA,NA,NA,NA,NA,"Y",4.7,4.6666665,8.033334,73.666664,65.666664,57,7.733333,4.7,7.5,260,260,233.33333
"298","2016-02-12",NA,NA,NA,NA,NA,NA,NA,NA,"Y",0.8,4.7,4.6666665,93.333336,73.666664,65.666664,3.8666666,7.733333,4.7,210,260,260
"299","2016-02-13",NA,NA,NA,NA,NA,NA,NA,NA,"N",-2.6,0.8,4.7,98.666664,93.333336,73.666664,3.1666667,3.8666666,7.733333,100,210,260
"300","2016-02-14",NA,NA,NA,NA,NA,NA,NA,NA,"N",4.4333334,-2.6,0.8,86.666664,98.666664,93.333336,5.3333335,3.1666667,3.8666666,143.33333,100,210
"301","2016-02-15",NA,NA,NA,NA,NA,NA,NA,NA,"Y",5.266667,4.4333334,-2.6,86.333336,86.666664,98.666664,1.8,5.3333335,3.1666667,293.33334,143.33333,100
"302","2016-02-16",NA,NA,NA,NA,NA,NA,NA,NA,"Y",0.56666666,5.266667,4.4333334,90,86.333336,86.666664,4.9,1.8,5.3333335,333.33334,293.33334,143.33333
"303","2016-02-17",NA,NA,NA,NA,NA,NA,NA,NA,"Y",-2.9,0.56666666,5.266667,97.333336,90,86.333336,4.6666665,4.9,1.8,76.666664,333.33334,293.33334
"304","2016-02-18",NA,NA,NA,NA,NA,NA,NA,NA,"Y",1.3333334,-2.9,0.56666666,94,97.333336,90,3.7,4.6666665,4.9,166.66667,76.666664,333.33334
"305","2016-02-19",NA,NA,NA,NA,NA,NA,NA,NA,"Y",-1.1666666,1.3333334,-2.9,97.333336,94,97.333336,3.2333333,3.7,4.6666665,190,166.66667,76.666664
"306","2016-02-20",NA,NA,NA,NA,NA,NA,NA,NA,"N",0.7,-1.1666666,1.3333334,80.666664,97.333336,94,5,3.2333333,3.7,196.66667,190,166.66667
"307","2016-02-21",NA,NA,NA,NA,NA,NA,NA,NA,"N",10,0.7,-1.1666666,86,80.666664,97.333336,8.466666,5,3.2333333,273.33334,196.66667,190
"308","2016-02-22",NA,NA,NA,NA,NA,NA,NA,NA,"Y",11.433333,10,0.7,63,86,80.666664,10.633333,8.466666,5,246.66667,273.33334,196.66667
"309","2016-02-23",NA,NA,NA,NA,NA,NA,NA,NA,"Y",2.4333334,11.433333,10,95,63,86,2.7666667,10.633333,8.466666,240,246.66667,273.33334
"310","2016-02-24",NA,NA,NA,NA,NA,NA,NA,NA,"Y",2.7,2.4333334,11.433333,87.333336,95,63,5.133333,2.7666667,10.633333,283.33334,240,246.66667
"311","2016-02-25",NA,NA,NA,NA,NA,NA,NA,NA,"Y",-2.0666666,2.7,2.4333334,95,87.333336,95,3.2666667,5.133333,2.7666667,173.33333,283.33334,240
"312","2016-02-26",NA,NA,NA,NA,NA,NA,NA,NA,"Y",1.2,-2.0666666,2.7,78,95,87.333336,4.5333333,3.2666667,5.133333,250,173.33333,283.33334
"313","2016-02-27",NA,NA,NA,NA,NA,NA,NA,NA,"N",-5.0333333,1.2,-2.0666666,97,78,95,2.4333334,4.5333333,3.2666667,123.333336,250,173.33333
"314","2016-02-28",NA,NA,NA,NA,NA,NA,NA,NA,"N",-4.1,-5.0333333,1.2,96.666664,97,78,1.7333333,2.4333334,4.5333333,183.33333,123.333336,250
"315","2016-02-29",NA,NA,NA,NA,NA,NA,NA,NA,"Y",1.3666667,-4.1,-5.0333333,90.333336,96.666664,97,8.866667,1.7333333,2.4333334,60,183.33333,123.333336
"316","2016-03-01",NA,NA,NA,NA,NA,NA,NA,NA,"Y",-0.4,1.3666667,-4.1,99,90.333336,96.666664,3.6666667,8.866667,1.7333333,336.66666,60,183.33333
"317","2016-03-02",NA,NA,NA,NA,NA,NA,NA,NA,"Y",1.4,-0.4,1.3666667,92.333336,99,90.333336,5,3.6666667,8.866667,173.33333,336.66666,60
"318","2016-03-03",NA,NA,NA,NA,NA,NA,NA,NA,"Y",0.5,1.4,-0.4,99.666664,92.333336,99,2.3666666,5,3.6666667,173.33333,173.33333,336.66666
"319","2016-03-04",NA,NA,NA,NA,NA,NA,NA,NA,"Y",-2.2333333,0.5,1.4,97,99.666664,92.333336,3.8333333,2.3666666,5,173.33333,173.33333,173.33333
"320","2016-03-05",NA,NA,NA,NA,NA,NA,NA,NA,"N",3.1333334,-2.2333333,0.5,81.666664,97,99.666664,6.366667,3.8333333,2.3666666,146.66667,173.33333,173.33333
"321","2016-03-06",NA,NA,NA,NA,NA,NA,NA,NA,"N",3.3333333,3.1333334,-2.2333333,93,81.666664,97,4.8333335,6.366667,3.8333333,276.66666,146.66667,173.33333
"322","2016-03-07",NA,NA,NA,NA,NA,NA,NA,NA,"Y",1.7666667,3.3333333,3.1333334,85,93,81.666664,3.8,4.8333335,6.366667,156.66667,276.66666,146.66667
"323","2016-03-08",NA,NA,NA,NA,NA,NA,NA,NA,"Y",0.2,1.7666667,3.3333333,96.333336,85,93,1.4666667,3.8,4.8333335,300,156.66667,276.66666
"324","2016-03-09",NA,NA,NA,NA,NA,NA,NA,NA,"Y",-0.8333333,0.2,1.7666667,100,96.333336,85,3.9333334,1.4666667,3.8,170,300,156.66667
"325","2016-03-10",NA,NA,NA,NA,NA,NA,NA,NA,"Y",3.4666667,-0.8333333,0.2,86,100,96.333336,2,3.9333334,1.4666667,60,170,300
"326","2016-03-11",NA,NA,NA,NA,NA,NA,NA,NA,"Y",4.0333333,3.4666667,-0.8333333,89.333336,86,100,2.0666666,2,3.9333334,246.66667,60,170
"327","2016-03-12",NA,NA,NA,NA,NA,NA,NA,NA,"N",3.3666666,4.0333333,3.4666667,89,89.333336,86,2.5333333,2.0666666,2,16.666666,246.66667,60
"328","2016-03-13",NA,NA,NA,NA,NA,NA,NA,NA,"N",3,3.3666666,4.0333333,90.666664,89,89.333336,3.4666667,2.5333333,2.0666666,30,16.666666,246.66667
"329","2016-03-14",NA,NA,NA,NA,NA,NA,NA,NA,"Y",-0.23333333,3,3.3666666,91,90.666664,89,1.2333333,3.4666667,2.5333333,123.333336,30,16.666666
"330","2016-03-15",NA,NA,NA,NA,NA,NA,NA,NA,"Y",1.3,-0.23333333,3,98.333336,91,90.666664,3,1.2333333,3.4666667,340,123.333336,30
"331","2016-03-16",NA,NA,NA,NA,NA,NA,NA,NA,"Y",2.9666667,1.3,-0.23333333,80.333336,98.333336,91,6.2,3,1.2333333,63.333332,340,123.333336
"332","2016-03-17",NA,NA,NA,NA,NA,NA,NA,NA,"Y",-1.8666667,2.9666667,1.3,95.333336,80.333336,98.333336,3.2666667,6.2,3,103.333336,63.333332,340
"333","2016-03-18",NA,NA,NA,NA,NA,NA,NA,NA,"Y",-0.96666664,-1.8666667,2.9666667,94.666664,95.333336,80.333336,3.0666666,3.2666667,6.2,220,103.333336,63.333332
"334","2016-03-19",NA,NA,NA,NA,NA,NA,NA,NA,"N",4.633333,-0.96666664,-1.8666667,95,94.666664,95.333336,2.5333333,3.0666666,3.2666667,306.66666,220,103.333336
"335","2016-03-20",NA,NA,NA,NA,NA,NA,NA,NA,"N",4.7,4.633333,-0.96666664,75,95,94.666664,5.6666665,2.5333333,3.0666666,270,306.66666,220
"336","2016-03-21",NA,NA,NA,NA,NA,NA,NA,NA,"Y",4.8333335,4.7,4.633333,85,75,95,4.5333333,5.6666665,2.5333333,276.66666,270,306.66666
"337","2016-03-22",NA,NA,NA,NA,NA,NA,NA,NA,"Y",4.9333334,4.8333335,4.7,85.666664,85,75,4.866667,4.5333333,5.6666665,280,276.66666,270
"338","2016-03-23",NA,NA,NA,NA,NA,NA,NA,NA,"Y",5.366667,4.9333334,4.8333335,87.666664,85.666664,85,3.5666666,4.866667,4.5333333,290,280,276.66666
"339","2016-03-24",NA,NA,NA,NA,NA,NA,NA,NA,"Y",3.7333333,5.366667,4.9333334,90.333336,87.666664,85.666664,3.1,3.5666666,4.866667,313.33334,290,280
"340","2016-03-25",NA,NA,NA,NA,NA,NA,NA,NA,"Y",4.233333,3.7333333,5.366667,85,90.333336,87.666664,2.7666667,3.1,3.5666666,190,313.33334,290
"341","2016-03-26",NA,NA,NA,NA,NA,NA,NA,NA,"N",6.6,4.233333,3.7333333,95,85,90.333336,3.5666666,2.7666667,3.1,290,190,313.33334
"342","2016-03-27",NA,NA,NA,NA,NA,NA,NA,NA,"N",6.9,6.6,4.233333,75.666664,95,85,9.366667,3.5666666,2.7666667,156.66667,290,190
"343","2016-03-28",NA,NA,NA,NA,NA,NA,NA,NA,"Y",5.866667,6.9,6.6,85.666664,75.666664,95,3.7,9.366667,3.5666666,163.33333,156.66667,290
"344","2016-03-29",NA,NA,NA,NA,NA,NA,NA,NA,"Y",8.5,5.866667,6.9,69,85.666664,75.666664,7.1,3.7,9.366667,240,163.33333,156.66667
"345","2016-03-30",NA,NA,NA,NA,NA,NA,NA,NA,"Y",7.0666666,8.5,5.866667,79.333336,69,85.666664,3.9333334,7.1,3.7,166.66667,240,163.33333
"346","2016-03-31",NA,NA,NA,NA,NA,NA,NA,NA,"Y",7.7,7.0666666,8.5,90,79.333336,69,1.2666667,3.9333334,7.1,140,166.66667,240
"347","2016-04-01",NA,NA,NA,NA,NA,NA,NA,NA,"Y",1.7,7.7,7.0666666,97,90,79.333336,1.9333333,1.2666667,3.9333334,236.66667,140,166.66667
"348","2016-04-02",NA,NA,NA,NA,NA,NA,NA,NA,"N",2.9,1.7,7.7,88,97,90,4.5666666,1.9333333,1.2666667,136.66667,236.66667,140
"349","2016-04-03",NA,NA,NA,NA,NA,NA,NA,NA,"N",10,2.9,1.7,49.666668,88,97,8.3,4.5666666,1.9333333,150,136.66667,236.66667
"350","2016-04-04",NA,NA,NA,NA,NA,NA,NA,NA,"Y",10.366667,10,2.9,67.666664,49.666668,88,2.7,8.3,4.5666666,146.66667,150,136.66667
"351","2016-04-05",NA,NA,NA,NA,NA,NA,NA,NA,"Y",9.4,10.366667,10,90.333336,67.666664,49.666668,3.2,2.7,8.3,166.66667,146.66667,150
"352","2016-04-06",NA,NA,NA,NA,NA,NA,NA,NA,"Y",11.433333,9.4,10.366667,76,90.333336,67.666664,3.7333333,3.2,2.7,240,166.66667,146.66667
"353","2016-04-07",NA,NA,NA,NA,NA,NA,NA,NA,"Y",11.166667,11.433333,9.4,66,76,90.333336,3.4666667,3.7333333,3.2,253.33333,240,166.66667
"354","2016-04-08",NA,NA,NA,NA,NA,NA,NA,NA,"Y",8.4,11.166667,11.433333,67,66,76,2.1,3.4666667,3.7333333,243.33333,253.33333,240
"355","2016-04-09",NA,NA,NA,NA,NA,NA,NA,NA,"N",4.0666666,8.4,11.166667,85.333336,67,66,1.5666667,2.1,3.4666667,216.66667,243.33333,253.33333
"356","2016-04-10",NA,NA,NA,NA,NA,NA,NA,NA,"N",6.4666667,4.0666666,8.4,94,85.333336,67,1.9333333,1.5666667,2.1,123.333336,216.66667,243.33333
"357","2016-04-11",NA,NA,NA,NA,NA,NA,NA,NA,"Y",6.9666667,6.4666667,4.0666666,81.666664,94,85.333336,1.6,1.9333333,1.5666667,46.666668,123.333336,216.66667
"358","2016-04-12",NA,NA,NA,NA,NA,NA,NA,NA,"Y",10.933333,6.9666667,6.4666667,82,81.666664,94,3.1333334,1.6,1.9333333,156.66667,46.666668,123.333336
"359","2016-04-13",NA,NA,NA,NA,NA,NA,NA,NA,"Y",10.766666,10.933333,6.9666667,89,82,81.666664,2.0666666,3.1333334,1.6,193.33333,156.66667,46.666668
"360","2016-04-14",NA,NA,NA,NA,NA,NA,NA,NA,"Y",9.866667,10.766666,10.933333,82.666664,89,82,4.6,2.0666666,3.1333334,293.33334,193.33333,156.66667
"361","2016-04-15",NA,NA,NA,NA,NA,NA,NA,NA,"Y",6.266667,9.866667,10.766666,97.666664,82.666664,89,3.8333333,4.6,2.0666666,163.33333,293.33334,193.33333
"362","2016-04-16",NA,NA,NA,NA,NA,NA,NA,NA,"N",12.266666,6.266667,9.866667,74.333336,97.666664,82.666664,4.766667,3.8333333,4.6,160,163.33333,293.33334
"363","2016-04-17",NA,NA,NA,NA,NA,NA,NA,NA,"N",8.966666,12.266666,6.266667,97.666664,74.333336,97.666664,3,4.766667,3.8333333,216.66667,160,163.33333
"364","2016-04-18",NA,NA,NA,NA,NA,NA,NA,NA,"Y",5.8333335,8.966666,12.266666,88.333336,97.666664,74.333336,1.5333333,3,4.766667,306.66666,216.66667,160
"365","2016-04-19",NA,NA,NA,NA,NA,NA,NA,NA,"Y",7.9,5.8333335,8.966666,63,88.333336,97.666664,4.7,1.5333333,3,253.33333,306.66666,216.66667
"366","2016-04-20",NA,NA,NA,NA,NA,NA,NA,NA,"Y",6.0333333,7.9,5.8333335,70.666664,63,88.333336,4.7,4.7,1.5333333,290,253.33333,306.66666
"367","2016-04-21",NA,NA,NA,NA,NA,NA,NA,NA,"Y",4.1,6.0333333,7.9,82.666664,70.666664,63,3.2666667,4.7,4.7,173.33333,290,253.33333
"368","2016-04-22",NA,NA,NA,NA,NA,NA,NA,NA,"Y",5.9666667,4.1,6.0333333,82.666664,82.666664,70.666664,2.7333333,3.2666667,4.7,300,173.33333,290
"369","2016-04-23",NA,NA,NA,NA,NA,NA,NA,NA,"N",5.3,5.9666667,4.1,80.666664,82.666664,82.666664,2.7,2.7333333,3.2666667,296.66666,300,173.33333
"370","2016-04-24",NA,NA,NA,NA,NA,NA,NA,NA,"N",2.8333333,5.3,5.9666667,79.333336,80.666664,82.666664,4.1,2.7,2.7333333,273.33334,296.66666,300
"371","2016-04-25",NA,NA,NA,NA,NA,NA,NA,NA,"Y",2.7333333,2.8333333,5.3,80,79.333336,80.666664,4.1,4.1,2.7,270,273.33334,296.66666
"372","2016-04-26",NA,NA,NA,NA,NA,NA,NA,NA,"Y",5.6666665,2.7333333,2.8333333,78.333336,80,79.333336,4.733333,4.1,4.1,180,270,273.33334
"373","2016-04-27",NA,NA,NA,NA,NA,NA,NA,NA,"Y",5.366667,5.6666665,2.7333333,58.666668,78.333336,80,7.1666665,4.733333,4.1,206.66667,180,270
"374","2016-04-28",NA,NA,NA,NA,NA,NA,NA,NA,"Y",5.866667,5.366667,5.6666665,63.666668,58.666668,78.333336,6.1,7.1666665,4.733333,226.66667,206.66667,180
"375","2016-04-29",NA,NA,NA,NA,NA,NA,NA,NA,"Y",4.8,5.866667,5.366667,77,63.666668,58.666668,3.9,6.1,7.1666665,163.33333,226.66667,206.66667
"376","2016-04-30",NA,NA,NA,NA,NA,NA,NA,NA,"N",8.933333,4.8,5.866667,56,77,63.666668,3.9,3.9,6.1,143.33333,163.33333,226.66667
"377","2016-05-01",NA,NA,NA,NA,NA,NA,NA,NA,"N",7.366667,8.933333,4.8,76.666664,56,77,1.1,3.9,3.9,210,143.33333,163.33333
"378","2016-05-02",NA,NA,NA,NA,NA,NA,NA,NA,"Y",8.7,7.366667,8.933333,78,76.666664,56,1.6,1.1,3.9,336.66666,210,143.33333
"379","2016-05-03",NA,NA,NA,NA,NA,NA,NA,NA,"Y",7.366667,8.7,7.366667,85.333336,78,76.666664,2.4,1.6,1.1,176.66667,336.66666,210
"380","2016-05-04",NA,NA,NA,NA,NA,NA,NA,NA,"Y",7.8,7.366667,8.7,82.333336,85.333336,78,5.3,2.4,1.6,313.33334,176.66667,336.66666
"381","2016-05-05",NA,NA,NA,NA,NA,NA,NA,NA,"Y",6.0666666,7.8,7.366667,97.666664,82.333336,85.333336,0.8333333,5.3,2.4,296.66666,313.33334,176.66667
"382","2016-05-06",NA,NA,NA,NA,NA,NA,NA,NA,"Y",11.933333,6.0666666,7.8,73.666664,97.666664,82.333336,2.5666666,0.8333333,5.3,136.66667,296.66666,313.33334
"383","2016-05-07",NA,NA,NA,NA,NA,NA,NA,NA,"N",13.366667,11.933333,6.0666666,65.333336,73.666664,97.666664,3.2666667,2.5666666,0.8333333,130,136.66667,296.66666
"384","2016-05-08",NA,NA,NA,NA,NA,NA,NA,NA,"N",13.2,13.366667,11.933333,66.333336,65.333336,73.666664,3.7333333,3.2666667,2.5666666,86.666664,130,136.66667
"385","2016-05-09",NA,NA,NA,NA,NA,NA,NA,NA,"Y",13.566667,13.2,13.366667,74.666664,66.333336,65.333336,4.5,3.7333333,3.2666667,86.666664,86.666664,130
"386","2016-05-10",NA,NA,NA,NA,NA,NA,NA,NA,"Y",15.266666,13.566667,13.2,65.666664,74.666664,66.333336,3.8666666,4.5,3.7333333,130,86.666664,86.666664
"387","2016-05-11",NA,NA,NA,NA,NA,NA,NA,NA,"Y",14.966666,15.266666,13.566667,71,65.666664,74.666664,5.3333335,3.8666666,4.5,143.33333,130,86.666664
"388","2016-05-12",NA,NA,NA,NA,NA,NA,NA,NA,"Y",14.833333,14.966666,15.266666,69,71,65.666664,2.3666666,5.3333335,3.8666666,86.666664,143.33333,130
"389","2016-05-13",NA,NA,NA,NA,NA,NA,NA,NA,"Y",14.133333,14.833333,14.966666,86.666664,69,71,2.0666666,2.3666666,5.3333335,336.66666,86.666664,143.33333
"390","2016-05-14",NA,NA,NA,NA,NA,NA,NA,NA,"N",10.166667,14.133333,14.833333,79.333336,86.666664,69,4.1,2.0666666,2.3666666,306.66666,336.66666,86.666664
"391","2016-05-15",NA,NA,NA,NA,NA,NA,NA,NA,"N",6.266667,10.166667,14.133333,74,79.333336,86.666664,6.2,4.1,2.0666666,250,306.66666,336.66666
"392","2016-05-16",NA,NA,NA,NA,NA,NA,NA,NA,"Y",7.5333333,6.266667,10.166667,74.333336,74,79.333336,4.866667,6.2,4.1,273.33334,250,306.66666
"393","2016-05-17",NA,NA,NA,NA,NA,NA,NA,NA,"Y",8.566667,7.5333333,6.266667,71.333336,74.333336,74,4.733333,4.866667,6.2,263.33334,273.33334,250
"394","2016-05-18",NA,NA,NA,NA,NA,NA,NA,NA,"Y",11.4,8.566667,7.5333333,73.333336,71.333336,74.333336,2.2,4.733333,4.866667,216.66667,263.33334,273.33334
"395","2016-05-19",NA,NA,NA,NA,NA,NA,NA,NA,"Y",13,11.4,8.566667,63,73.333336,71.333336,3.3333333,2.2,4.733333,146.66667,216.66667,263.33334
"396","2016-05-20",NA,NA,NA,NA,NA,NA,NA,NA,"Y",14.633333,13,11.4,76,63,73.333336,3.3,3.3333333,2.2,253.33333,146.66667,216.66667
"397","2016-05-21",NA,NA,NA,NA,NA,NA,NA,NA,"N",14.166667,14.633333,13,71.666664,76,63,2.7333333,3.3,3.3333333,176.66667,253.33333,146.66667
"398","2016-05-22",NA,NA,NA,NA,NA,NA,NA,NA,"N",16.933332,14.166667,14.633333,62.666668,71.666664,76,4.366667,2.7333333,3.3,150,176.66667,253.33333
"399","2016-05-23",NA,NA,NA,NA,NA,NA,NA,NA,"Y",18.533333,16.933332,14.166667,68.666664,62.666668,71.666664,3.7333333,4.366667,2.7333333,256.66666,150,176.66667
"400","2016-05-24",NA,NA,NA,NA,NA,NA,NA,NA,"Y",16.2,18.533333,16.933332,85.666664,68.666664,62.666668,2.6,3.7333333,4.366667,256.66666,256.66666,150
"401","2016-05-25",NA,NA,NA,NA,NA,NA,NA,NA,"Y",12.166667,16.2,18.533333,91,85.666664,68.666664,3.8333333,2.6,3.7333333,286.66666,256.66666,256.66666
"402","2016-05-26",NA,NA,NA,NA,NA,NA,NA,NA,"Y",14.366667,12.166667,16.2,83.333336,91,85.666664,1.2333333,3.8333333,2.6,313.33334,286.66666,256.66666
"403","2016-05-27",NA,NA,NA,NA,NA,NA,NA,NA,"Y",14.733334,14.366667,12.166667,79.666664,83.333336,91,1.7333333,1.2333333,3.8333333,130,313.33334,286.66666
"404","2016-05-28",NA,NA,NA,NA,NA,NA,NA,NA,"N",14.966666,14.733334,14.366667,95,79.666664,83.333336,1.4666667,1.7333333,1.2333333,66.666664,130,313.33334
"405","2016-05-29",NA,NA,NA,NA,NA,NA,NA,NA,"N",18.766666,14.966666,14.733334,78,95,79.666664,3.6666667,1.4666667,1.7333333,133.33333,66.666664,130
"406","2016-05-30",NA,NA,NA,NA,NA,NA,NA,NA,"Y",20.666666,18.766666,14.966666,76.666664,78,95,4.5333333,3.6666667,1.4666667,116.666664,133.33333,66.666664
"407","2016-05-31",NA,NA,NA,NA,NA,NA,NA,NA,"Y",18.866667,20.666666,18.766666,72.333336,76.666664,78,2.1,4.5333333,3.6666667,256.66666,116.666664,133.33333
"408","2016-06-01",NA,NA,NA,NA,NA,NA,NA,NA,"Y",16.933332,18.866667,20.666666,89.333336,72.333336,76.666664,2.8666666,2.1,4.5333333,240,256.66666,116.666664
"409","2016-06-02",NA,NA,NA,NA,NA,NA,NA,NA,"Y",15.6,16.933332,18.866667,94,89.333336,72.333336,3.1333334,2.8666666,2.1,150,240,256.66666
"410","2016-06-03",NA,NA,NA,NA,NA,NA,NA,NA,"Y",16.4,15.6,16.933332,95,94,89.333336,2.1,3.1333334,2.8666666,240,150,240
"411","2016-06-04",NA,NA,NA,NA,NA,NA,NA,NA,"N",15.433333,16.4,15.6,99,95,94,1.4333333,2.1,3.1333334,166.66667,240,150
"412","2016-06-05",NA,NA,NA,NA,NA,NA,NA,NA,"N",16.666666,15.433333,16.4,89.333336,99,95,2.0666666,1.4333333,2.1,173.33333,166.66667,240
"413","2016-06-06",NA,NA,NA,NA,NA,NA,NA,NA,"Y",16.266666,16.666666,15.433333,85.666664,89.333336,99,1.8666667,2.0666666,1.4333333,136.66667,173.33333,166.66667
"414","2016-06-07",NA,NA,NA,NA,NA,NA,NA,NA,"Y",16.733334,16.266666,16.666666,67.666664,85.666664,89.333336,1.7333333,1.8666667,2.0666666,166.66667,136.66667,173.33333
"415","2016-06-08",NA,NA,NA,NA,NA,NA,NA,NA,"Y",15.733334,16.733334,16.266666,73,67.666664,85.666664,4.0666666,1.7333333,1.8666667,173.33333,166.66667,136.66667
"416","2016-06-09",NA,NA,NA,NA,NA,NA,NA,NA,"Y",15.666667,15.733334,16.733334,78.333336,73,67.666664,2.9,4.0666666,1.7333333,313.33334,173.33333,166.66667
"417","2016-06-10",NA,NA,NA,NA,NA,NA,NA,NA,"Y",15.2,15.666667,15.733334,78.333336,78.333336,73,3.6333334,2.9,4.0666666,270,313.33334,173.33333
"418","2016-06-11",NA,NA,NA,NA,NA,NA,NA,NA,"N",15.933333,15.2,15.666667,67.666664,78.333336,78.333336,1.3666667,3.6333334,2.9,270,270,313.33334
"419","2016-06-12",NA,NA,NA,NA,NA,NA,NA,NA,"N",16.833334,15.933333,15.2,76,67.666664,78.333336,2.2666667,1.3666667,3.6333334,173.33333,270,270
"420","2016-06-13",NA,NA,NA,NA,NA,NA,NA,NA,"Y",15.766666,16.833334,15.933333,93.333336,76,67.666664,3.0666666,2.2666667,1.3666667,253.33333,173.33333,270
"421","2016-06-14",NA,NA,NA,NA,NA,NA,NA,NA,"Y",15.433333,15.766666,16.833334,90.333336,93.333336,76,3.1,3.0666666,2.2666667,226.66667,253.33333,173.33333
"422","2016-06-15",NA,NA,NA,NA,NA,NA,NA,NA,"Y",15,15.433333,15.766666,94.333336,90.333336,93.333336,2.1,3.1,3.0666666,216.66667,226.66667,253.33333
"423","2016-06-16",NA,NA,NA,NA,NA,NA,NA,NA,"Y",16.066668,15,15.433333,76.333336,94.333336,90.333336,2.5333333,2.1,3.1,203.33333,216.66667,226.66667
"424","2016-06-17",NA,NA,NA,NA,NA,NA,NA,NA,"Y",14.633333,16.066668,15,95.666664,76.333336,94.333336,5,2.5333333,2.1,290,203.33333,216.66667
"425","2016-06-18",NA,NA,NA,NA,NA,NA,NA,NA,"N",17.533333,14.633333,16.066668,66,95.666664,76.333336,4.733333,5,2.5333333,236.66667,290,203.33333
"426","2016-06-19",NA,NA,NA,NA,NA,NA,NA,NA,"N",14.733334,17.533333,14.633333,91.666664,66,95.666664,2.6666667,4.733333,5,210,236.66667,290
"427","2016-06-20",NA,NA,NA,NA,NA,NA,NA,NA,"Y",14.966666,14.733334,17.533333,78.666664,91.666664,66,2.2,2.6666667,4.733333,223.33333,210,236.66667
"428","2016-06-21",NA,NA,NA,NA,NA,NA,NA,NA,"Y",17.166666,14.966666,14.733334,81.666664,78.666664,91.666664,3.1333334,2.2,2.6666667,210,223.33333,210
"429","2016-06-22",NA,NA,NA,NA,NA,NA,NA,NA,"Y",19.4,17.166666,14.966666,76.333336,81.666664,78.666664,3.3333333,3.1333334,2.2,163.33333,210,223.33333
"430","2016-06-23",NA,NA,NA,NA,NA,NA,NA,NA,"Y",21.166666,19.4,17.166666,75.666664,76.333336,81.666664,2.3666666,3.3333333,3.1333334,156.66667,163.33333,210
"431","2016-06-24",NA,NA,NA,NA,NA,NA,NA,NA,"Y",23.133333,21.166666,19.4,69.333336,75.666664,76.333336,2.5333333,2.3666666,3.3333333,160,156.66667,163.33333
"432","2016-06-25",NA,NA,NA,NA,NA,NA,NA,NA,"N",23.1,23.133333,21.166666,76.333336,69.333336,75.666664,1.5666667,2.5333333,2.3666666,280,160,156.66667
"433","2016-06-26",NA,NA,NA,NA,NA,NA,NA,NA,"N",15.766666,23.1,23.133333,88,76.333336,69.333336,4.733333,1.5666667,2.5333333,273.33334,280,160
"434","2016-06-27",NA,NA,NA,NA,NA,NA,NA,NA,"Y",17.1,15.766666,23.1,72,88,76.333336,2.7,4.733333,1.5666667,256.66666,273.33334,280
"435","2016-06-28",NA,NA,NA,NA,NA,NA,NA,NA,"Y",17.2,17.1,15.766666,83.333336,72,88,3.3666666,2.7,4.733333,233.33333,256.66666,273.33334
"436","2016-06-29",NA,NA,NA,NA,NA,NA,NA,NA,"Y",17.133333,17.2,17.1,94,83.333336,72,2.6666667,3.3666666,2.7,213.33333,233.33333,256.66666
"437","2016-06-30",NA,NA,NA,NA,NA,NA,NA,NA,"Y",18.433332,17.133333,17.2,79.333336,94,83.333336,3.8333333,2.6666667,3.3666666,170,213.33333,233.33333
"438","2016-07-01",NA,NA,NA,NA,NA,NA,NA,NA,"Y",21.3,18.433332,17.133333,69.333336,79.333336,94,3.9666667,3.8333333,2.6666667,213.33333,170,213.33333
"439","2016-07-02",NA,NA,NA,NA,NA,NA,NA,NA,"N",19.733334,21.3,18.433332,88,69.333336,79.333336,4.6,3.9666667,3.8333333,160,213.33333,170
"440","2016-07-03",NA,NA,NA,NA,NA,NA,NA,NA,"N",15.333333,19.733334,21.3,69.666664,88,69.333336,2.7,4.6,3.9666667,230,160,213.33333
"441","2016-07-04",NA,NA,NA,NA,NA,NA,NA,NA,"Y",14.233334,15.333333,19.733334,79,69.666664,88,2.5,2.7,4.6,206.66667,230,160
"442","2016-07-05",NA,NA,NA,NA,NA,NA,NA,NA,"Y",14.7,14.233334,15.333333,84.666664,79,69.666664,3.2666667,2.5,2.7,160,206.66667,230
"443","2016-07-06",NA,NA,NA,NA,NA,NA,NA,NA,"Y",15.266666,14.7,14.233334,67.666664,84.666664,79,6.1666665,3.2666667,2.5,273.33334,160,206.66667
"444","2016-07-07",NA,NA,NA,NA,NA,NA,NA,NA,"Y",14.533334,15.266666,14.7,70.333336,67.666664,84.666664,3.2666667,6.1666665,3.2666667,286.66666,273.33334,160
"445","2016-07-08",NA,NA,NA,NA,NA,NA,NA,NA,"Y",16.133333,14.533334,15.266666,71.333336,70.333336,67.666664,3.7666667,3.2666667,6.1666665,163.33333,286.66666,273.33334
"446","2016-07-09",NA,NA,NA,NA,NA,NA,NA,NA,"N",17.7,16.133333,14.533334,76,71.333336,70.333336,4.3,3.7666667,3.2666667,270,163.33333,286.66666
"447","2016-07-10",NA,NA,NA,NA,NA,NA,NA,NA,"N",19.733334,17.7,16.133333,66.666664,76,71.333336,3.2,4.3,3.7666667,193.33333,270,163.33333
"448","2016-07-11",NA,NA,NA,NA,NA,NA,NA,NA,"Y",23.3,19.733334,17.7,69.333336,66.666664,76,3.5333333,3.2,4.3,180,193.33333,270
"449","2016-07-12",NA,NA,NA,NA,NA,NA,NA,NA,"Y",19.933332,23.3,19.733334,78.333336,69.333336,66.666664,2.0333333,3.5333333,3.2,183.33333,180,193.33333
"450","2016-07-13",NA,NA,NA,NA,NA,NA,NA,NA,"Y",19.166666,19.933332,23.3,68.666664,78.333336,69.333336,2.5333333,2.0333333,3.5333333,216.66667,183.33333,180
"451","2016-07-14",NA,NA,NA,NA,NA,NA,NA,NA,"Y",14,19.166666,19.933332,95.666664,68.666664,78.333336,5.0333333,2.5333333,2.0333333,313.33334,216.66667,183.33333
"452","2016-07-15",NA,NA,NA,NA,NA,NA,NA,NA,"Y",13.366667,14,19.166666,89,95.666664,68.666664,5.8,5.0333333,2.5333333,280,313.33334,216.66667
"453","2016-07-16",NA,NA,NA,NA,NA,NA,NA,NA,"N",14.2,13.366667,14,80.333336,89,95.666664,2.1,5.8,5.0333333,220,280,313.33334
"454","2016-07-17",NA,NA,NA,NA,NA,NA,NA,NA,"N",17.966667,14.2,13.366667,92.333336,80.333336,89,2.2,2.1,5.8,273.33334,220,280
"455","2016-07-18",NA,NA,NA,NA,NA,NA,NA,NA,"Y",18.433332,17.966667,14.2,67.666664,92.333336,80.333336,3.5666666,2.2,2.1,273.33334,273.33334,220
"456","2016-07-19",NA,NA,NA,NA,NA,NA,NA,NA,"Y",18.933332,18.433332,17.966667,75.666664,67.666664,92.333336,1.8333334,3.5666666,2.2,253.33333,273.33334,273.33334
"457","2016-07-20",NA,NA,NA,NA,NA,NA,NA,NA,"Y",18.5,18.933332,18.433332,80,75.666664,67.666664,3.2,1.8333334,3.5666666,166.66667,253.33333,273.33334
"458","2016-07-21",NA,NA,NA,NA,NA,NA,NA,NA,"Y",20.766666,18.5,18.933332,71.333336,80,75.666664,4.3333335,3.2,1.8333334,146.66667,166.66667,253.33333
"459","2016-07-22",NA,NA,NA,NA,NA,NA,NA,NA,"Y",18.133333,20.766666,18.5,93.333336,71.333336,80,1.7666667,4.3333335,3.2,180,146.66667,166.66667
"460","2016-07-23",NA,NA,NA,NA,NA,NA,NA,NA,"N",18.9,18.133333,20.766666,80,93.333336,71.333336,1.1333333,1.7666667,4.3333335,133.33333,180,146.66667
"461","2016-07-24"," 08:00",NaN,4.22584541062802,10.975845410628,45.5555555555556,NaN,0,0,"N",19.133333,18.9,18.133333,96.333336,80,93.333336,1.7,1.1333333,1.7666667,93.333336,133.33333,180
"462","2016-07-25"," 08:00",NaN,10.4480676328502,21.8647342995169,20.8888888888889,NaN,0,0,"Y",18.666666,19.133333,18.9,92.333336,96.333336,80,1.1,1.7,1.1333333,183.33333,93.333336,133.33333
"463","2016-07-26"," 08:00",NaN,10.4480676328502,25.4202898550725,29.8888888888889,NaN,0,0,"Y",20.433332,18.666666,19.133333,84,92.333336,96.333336,2.4,1.1,1.7,240,183.33333,93.333336
"464","2016-07-27"," 08:00",NaN,6.89251207729469,21.8647342995169,22.5555555555556,NaN,0,0,"Y",19.866667,20.433332,18.666666,91,84,92.333336,2.4,2.4,1.1,116.666664,240,183.33333
"465","2016-07-28"," 08:00",NaN,5.33695652173913,21.4202898550725,36.3333333333333,NaN,0,0,"Y",18.633333,19.866667,20.433332,88.333336,91,84,2.2,2.4,2.4,276.66666,116.666664,240
"466","2016-07-29"," 08:00",NaN,4.44806763285024,14.975845410628,50.5555555555556,NaN,0,0,"Y",20.933332,18.633333,19.866667,74,88.333336,91,2.9666667,2.2,2.4,230,276.66666,116.666664
"467","2016-07-30"," 08:00",NaN,4.22584541062802,10.3091787439614,51.2222222222222,NaN,0,0,"N",19.766666,20.933332,18.633333,74.333336,74,88.333336,1.9,2.9666667,2.2,213.33333,230,276.66666
"468","2016-07-31"," 08:00",NaN,4.22584541062802,11.8647342995169,26.2222222222222,NaN,0,0,"N",18.466667,19.766666,20.933332,86,74.333336,74,1.9333333,1.9,2.9666667,160,213.33333,230
"469","2016-08-01"," 08:00",NaN,4.89251207729469,16.0869565217391,40.3333333333333,NaN,0,0,"Y",16,18.466667,19.766666,84,86,74.333336,4.1666665,1.9333333,1.9,290,160,213.33333
"470","2016-08-02"," 08:00",NaN,7.11473429951691,26.975845410628,15.3333333333333,NaN,0,0,"Y",15.5,16,18.466667,75.666664,84,86,3.9666667,4.1666665,1.9333333,166.66667,290,160
"471","2016-08-03"," 08:00",NaN,8.22584541062802,18.7536231884058,13.6666666666667,NaN,0,0,"Y",17.933332,15.5,16,82.333336,75.666664,84,3.5666666,3.9666667,4.1666665,170,166.66667,290
"472","2016-08-04"," 08:00",NaN,13.1147342995169,18.975845410628,7.77777777777778,NaN,0,0,"Y",18.766666,17.933332,15.5,92.333336,82.333336,75.666664,3.5666666,3.5666666,3.9666667,180,170,166.66667
"473","2016-08-05"," 08:00",NaN,4.44806763285024,18.3091787439614,32.2222222222222,NaN,0,0,"Y",15.466666,18.766666,17.933332,96.333336,92.333336,82.333336,3.6333334,3.5666666,3.5666666,323.33334,180,170
"474","2016-08-06"," 08:00",NaN,4.22584541062802,12.5314009661836,40.4444444444444,NaN,0,0,"N",17.166666,15.466666,18.766666,82.333336,96.333336,92.333336,3.1333334,3.6333334,3.5666666,263.33334,323.33334,180
"475","2016-08-07"," 08:00",NaN,4.44806763285024,12.0869565217391,38.6666666666667,NaN,0,0,"N",15.8,17.166666,15.466666,84,82.333336,96.333336,2.5,3.1333334,3.6333334,203.33333,263.33334,323.33334
"476","2016-08-08"," 08:00",NaN,7.33695652173913,23.1980676328502,44.8888888888889,NaN,0,0,"Y",19.5,15.8,17.166666,70,84,82.333336,3.9666667,2.5,3.1333334,180,203.33333,263.33334
"477","2016-08-09"," 08:00",NaN,4.22584541062802,20.3091787439614,36.8888888888889,NaN,0,0,"Y",16.5,19.5,15.8,80.333336,70,84,1.7,3.9666667,2.5,310,180,203.33333
"478","2016-08-10"," 08:00",NaN,7.11473429951691,22.7536231884058,31.1111111111111,NaN,0,0,"Y",13.566667,16.5,19.5,73,80.333336,70,1.7,1.7,3.9666667,236.66667,310,180
"479","2016-08-11"," 08:00",NaN,8.0036231884058,18.5314009661836,25.4444444444444,NaN,0,0,"Y",11.1,13.566667,16.5,79.333336,73,80.333336,3.1,1.7,1.7,250,236.66667,310
"480","2016-08-12"," 08:00",NaN,4.44806763285024,14.5314009661836,41.2222222222222,NaN,0,0,"Y",14.5,11.1,13.566667,74.666664,79.333336,73,3.6666667,3.1,1.7,213.33333,250,236.66667
"481","2016-08-13"," 08:00",NaN,4.89251207729469,12.3091787439614,16.5555555555556,NaN,0,0,"N",19.166666,14.5,11.1,82.333336,74.666664,79.333336,3.3333333,3.6666667,3.1,226.66667,213.33333,250
"482","2016-08-14"," 08:00",NaN,4.22584541062802,14.0869565217391,36.7777777777778,NaN,0,0,"N",16.966667,19.166666,14.5,84.333336,82.333336,74.666664,2.1333334,3.3333333,3.6666667,190,226.66667,213.33333
"483","2016-08-15"," 08:00",NaN,21.5591787439614,27.6425120772947,8.33333333333333,NaN,0,0,"Y",13.9,16.966667,19.166666,87.333336,84.333336,82.333336,1.2666667,2.1333334,3.3333333,213.33333,190,226.66667
"484","2016-08-16"," 08:00",NaN,14.225845410628,24.5314009661836,14.7777777777778,NaN,0,0,"Y",12.5,13.9,16.966667,83.666664,87.333336,84.333336,1.6,1.2666667,2.1333334,190,213.33333,190
"485","2016-08-17"," 08:00",NaN,5.55917874396135,19.4202898550725,33.4444444444444,NaN,0,0,"Y",13.166667,12.5,13.9,86,83.666664,87.333336,2.4,1.6,1.2666667,356.66666,190,213.33333
"486","2016-08-18"," 08:00",NaN,16.225845410628,20.5314009661836,11.5555555555556,NaN,0,0,"Y",10.533334,13.166667,12.5,92.666664,86,83.666664,2.9,2.4,1.6,173.33333,356.66666,190
"487","2016-08-19"," 08:00",NaN,10.4480676328502,27.6425120772947,20.1111111111111,NaN,0,0,"Y",13.666667,10.533334,13.166667,81,92.666664,86,3.5333333,2.9,2.4,173.33333,173.33333,356.66666
"488","2016-08-20"," 08:00",NaN,4.44806763285024,18.7536231884058,47.5555555555556,NaN,0,0,"N",16.033333,13.666667,10.533334,80.666664,81,92.666664,2.9,3.5333333,2.9,176.66667,173.33333,173.33333
"489","2016-08-21"," 08:00",NaN,4.22584541062802,12.0869565217391,36.8888888888889,NaN,0,0,"N",17.2,16.033333,13.666667,92.666664,80.666664,81,2.5666666,2.9,3.5333333,206.66667,176.66667,173.33333
"490","2016-08-22"," 08:00",NaN,6.22584541062802,20.0869565217391,25.7777777777778,NaN,0,0,"Y",15.566667,17.2,16.033333,82,92.666664,80.666664,2.8333333,2.5666666,2.9,236.66667,206.66667,176.66667
"491","2016-08-23"," 08:00",NaN,5.78140096618357,16.5314009661836,30.2222222222222,NaN,0,0,"Y",18.133333,15.566667,17.2,85,82,92.666664,2.6,2.8333333,2.5666666,203.33333,236.66667,206.66667
"492","2016-08-24"," 08:00",NaN,13.5591787439614,20.975845410628,13.6666666666667,NaN,0,0,"Y",16.733334,18.133333,15.566667,90.333336,85,82,1.7333333,2.6,2.8333333,160,203.33333,236.66667
"493","2016-08-25"," 08:00",NaN,5.78140096618357,20.0869565217391,41.4444444444444,NaN,0,0,"Y",18.433332,16.733334,18.133333,77,90.333336,85,4.9333334,1.7333333,2.6,146.66667,160,203.33333
"494","2016-08-26"," 08:00",NaN,4.89251207729469,21.1980676328502,71.2222222222222,NaN,0,0,"Y",20.133333,18.433332,16.733334,64,77,90.333336,6.8333335,4.9333334,1.7333333,150,146.66667,160
"495","2016-08-27"," 08:00",NaN,4.22584541062802,14.5314009661836,67.5555555555556,NaN,0,0,"N",19.633333,20.133333,18.433332,67,64,77,3.3333333,6.8333335,4.9333334,163.33333,150,146.66667
"496","2016-08-28"," 08:00",NaN,4.22584541062802,12.3091787439614,64.4444444444444,NaN,0,0,"N",19.9,19.633333,20.133333,76,67,64,3.6,3.3333333,6.8333335,156.66667,163.33333,150
"497","2016-08-29"," 08:00",NaN,5.11473429951691,24.5314009661836,39.4444444444444,NaN,0,0,"Y",20.2,19.9,19.633333,85.666664,76,67,2.0666666,3.6,3.3333333,243.33333,156.66667,163.33333
"498","2016-08-30"," 08:00",NaN,4.89251207729469,15.8647342995169,46.6666666666667,NaN,0,0,"Y",15.3,20.2,19.9,75.333336,85.666664,76,1.8333334,2.0666666,3.6,303.33334,243.33333,156.66667
"499","2016-08-31"," 08:00",NaN,7.11473429951691,20.975845410628,27.4444444444444,NaN,0,0,"Y",12.966666,15.3,20.2,78,75.333336,85.666664,2.9,1.8333334,2.0666666,150,303.33334,243.33333
"500","2016-09-01"," 08:00",NaN,6.89251207729469,29.4202898550725,29.5555555555556,NaN,0,0,"Y",14.833333,12.966666,15.3,70.333336,78,75.333336,3.4333334,2.9,1.8333334,173.33333,150,303.33334
"501","2016-09-02"," 08:00",NaN,22.225845410628,40.3091787439614,14.6666666666667,NaN,0,0,"Y",15.066667,14.833333,12.966666,86.333336,70.333336,78,1.6,3.4333334,2.9,270,173.33333,150
"502","2016-09-03"," 08:00",NaN,5.33695652173913,20.975845410628,30.3333333333333,NaN,0,0,"N",17.2,15.066667,14.833333,81.666664,86.333336,70.333336,2.3666666,1.6,3.4333334,176.66667,270,173.33333
"503","2016-09-04"," 08:00",NaN,4.22584541062802,14.3091787439614,68.1111111111111,NaN,0,0,"N",18.166666,17.2,15.066667,76.666664,81.666664,86.333336,3.7333333,2.3666666,1.6,206.66667,176.66667,270
"504","2016-09-05"," 08:00",NaN,4.44806763285024,16.0869565217391,32.7777777777778,NaN,0,0,"Y",16.233334,18.166666,17.2,81.666664,76.666664,81.666664,5.1666665,3.7333333,2.3666666,266.66666,206.66667,176.66667
"505","2016-09-06"," 08:00",NaN,5.55917874396135,18.7536231884058,22.8888888888889,NaN,0,0,"Y",14.466666,16.233334,18.166666,94.666664,81.666664,76.666664,2.2,5.1666665,3.7333333,340,266.66666,206.66667
"506","2016-09-07"," 08:00",NaN,20.225845410628,20.5314009661836,7.66666666666667,NaN,0,0,"Y",12.766666,14.466666,16.233334,93,94.666664,81.666664,1.3333334,2.2,5.1666665,166.66667,340,266.66666
"507","2016-09-08"," 08:00",NaN,7.33695652173913,26.5314009661836,27.7777777777778,NaN,0,0,"Y",16.7,12.766666,14.466666,87.666664,93,94.666664,3.5,1.3333334,2.2,150,166.66667,340
"508","2016-09-09"," 08:00",NaN,10.6702898550725,32.7536231884058,17.3333333333333,NaN,0,0,"Y",17.333334,16.7,12.766666,84.333336,87.666664,93,3.0666666,3.5,1.3333334,180,150,166.66667
"509","2016-09-10"," 08:00",NaN,6.89251207729469,20.975845410628,23.6666666666667,NaN,0,0,"N",16.066668,17.333334,16.7,91,84.333336,87.666664,1.9333333,3.0666666,3.5,163.33333,180,150
"510","2016-09-11"," 08:00",NaN,4.22584541062802,13.1980676328502,51.6666666666667,NaN,0,0,"N",20.4,16.066668,17.333334,79.666664,91,84.333336,2.1666667,1.9333333,3.0666666,166.66667,163.33333,180
"511","2016-09-12"," 08:00",NaN,9.11473429951691,35.4202898550725,21,NaN,0,0,"Y",16.966667,20.4,16.066668,88,79.666664,91,3.5666666,2.1666667,1.9333333,170,166.66667,163.33333
"512","2016-09-13"," 08:00",NaN,14.225845410628,36.7536231884058,21.3333333333333,NaN,0,0,"Y",17.133333,16.966667,20.4,87.333336,88,79.666664,2.1666667,3.5666666,2.1666667,110,170,166.66667
"513","2016-09-14"," 08:00",NaN,14.4480676328502,39.1980676328502,22.6666666666667,NaN,0,0,"Y",16.066668,17.133333,16.966667,87,87.333336,88,2.2,2.1666667,3.5666666,126.666664,110,170
"514","2016-09-15"," 08:00",NaN,22.6702898550725,40.975845410628,30.4444444444444,NaN,0,0,"Y",14.666667,16.066668,17.133333,76.666664,87,87.333336,3.4666667,2.2,2.1666667,110,126.666664,110
"515","2016-09-16"," 08:00",NaN,8.89251207729469,36.5314009661836,26.3333333333333,NaN,0,0,"Y",17.366667,14.666667,16.066668,77,76.666664,87,3.3666666,3.4666667,2.2,166.66667,110,126.666664
"516","2016-09-17"," 08:00",NaN,4.22584541062802,16.3091787439614,35.5555555555556,NaN,0,0,"N",17.233334,17.366667,14.666667,96,77,76.666664,2.7,3.3666666,3.4666667,323.33334,166.66667,110
"517","2016-09-18"," 08:00",NaN,4.22584541062802,16.975845410628,33.2222222222222,NaN,0,0,"N",15,17.233334,17.366667,90.333336,96,77,4.2,2.7,3.3666666,26.666666,323.33334,166.66667
"518","2016-09-19"," 08:00",NaN,8.22584541062802,27.8647342995169,10,NaN,0,0,"Y",12.433333,15,17.233334,97,90.333336,96,2.6333334,4.2,2.7,20,26.666666,323.33334
"519","2016-09-20"," 08:00",NaN,11.7814009661836,30.975845410628,9.55555555555556,NaN,0,0,"Y",11.466666,12.433333,15,90,97,90.333336,1.2,2.6333334,4.2,243.33333,20,26.666666
"520","2016-09-21"," 08:00",NaN,6.44806763285024,30.975845410628,17.1111111111111,NaN,0,0,"Y",11.466666,11.466666,12.433333,85,90,97,2.2,1.2,2.6333334,236.66667,243.33333,20
"521","2016-09-22"," 08:00",NaN,11.5591787439614,21.4202898550725,9.44444444444444,NaN,0,0,"Y",8.366667,11.466666,11.466666,98.666664,85,90,3.0333333,2.2,1.2,163.33333,236.66667,243.33333
"522","2016-09-23"," 08:00",NaN,19.1147342995169,23.1980676328502,4.44444444444444,NaN,0,0,"Y",9.966666,8.366667,11.466666,89,98.666664,85,4.0333333,3.0333333,2.2,170,163.33333,236.66667
"523","2016-09-24"," 08:00",NaN,9.11473429951691,19.8647342995169,9.66666666666667,NaN,0,0,"N",9.166667,9.966666,8.366667,96.333336,89,98.666664,2.9666667,4.0333333,3.0333333,183.33333,170,163.33333
"524","2016-09-25"," 08:00",NaN,4.22584541062802,13.8647342995169,26.4444444444444,NaN,0,0,"N",10.666667,9.166667,9.966666,92.333336,96.333336,89,2.9666667,2.9666667,4.0333333,160,183.33333,170
"525","2016-09-26"," 08:00",NaN,12.225845410628,34.7536231884058,13.3333333333333,NaN,0,0,"Y",10.9,10.666667,9.166667,85.666664,92.333336,96.333336,2.5666666,2.9666667,2.9666667,170,160,183.33333
"526","2016-09-27"," 08:00",NaN,25.5591787439614,23.4202898550725,3.33333333333333,NaN,0,0,"Y",9.733334,10.9,10.666667,98.333336,85.666664,92.333336,2.3666666,2.5666666,2.9666667,173.33333,170,160
"527","2016-09-28"," 08:00",NaN,24.6702898550725,30.7536231884058,8.22222222222222,NaN,0,0,"Y",11.066667,9.733334,10.9,92.333336,98.333336,85.666664,3.4666667,2.3666666,2.5666666,176.66667,173.33333,170
"528","2016-09-29"," 08:00",NaN,13.3369565217391,38.5314009661836,12.1111111111111,NaN,0,0,"Y",16.933332,11.066667,9.733334,62.666668,92.333336,98.333336,5.0666666,3.4666667,2.3666666,213.33333,176.66667,173.33333
"529","2016-09-30"," 08:00",NaN,6.44806763285024,27.8647342995169,28.6666666666667,NaN,0,0,"Y",17.1,16.933332,11.066667,72,62.666668,92.333336,-999,5.0666666,3.4666667,346.66666,213.33333,176.66667
"530","2016-10-01"," 08:00",NaN,5.78140096618357,17.4202898550725,12.6666666666667,NaN,0,0,"N",12.933333,17.1,16.933332,88.333336,72,62.666668,2.9666667,-999,5.0666666,120,346.66666,213.33333
"531","2016-10-02"," 08:00",NaN,4.22584541062802,11.6425120772947,45.2222222222222,NaN,0,0,"N",13.6,12.933333,17.1,78.333336,88.333336,72,3.8,2.9666667,-999,233.33333,120,346.66666
"532","2016-10-03"," 08:00",NaN,4.67028985507246,15.8647342995169,13.6666666666667,NaN,0,0,"Y",8.6,13.6,12.933333,93,78.333336,88.333336,3.0666666,3.8,2.9666667,170,233.33333,120
"533","2016-10-04"," 08:00",NaN,4.89251207729469,21.1980676328502,39.8888888888889,NaN,0,0,"Y",11.6,8.6,13.6,90.666664,93,78.333336,6.233333,3.0666666,3.8,16.666666,170,233.33333
"534","2016-10-05"," 08:00",NaN,5.11473429951691,23.1980676328502,24.2222222222222,NaN,0,0,"Y",5.766667,11.6,8.6,87.333336,90.666664,93,3.4333334,6.233333,3.0666666,323.33334,16.666666,170
"535","2016-10-06"," 08:00",NaN,6.22584541062802,26.3091787439614,15.6666666666667,NaN,0,0,"Y",8.6,5.766667,11.6,95.333336,87.333336,90.666664,4.5333333,3.4333334,6.233333,133.33333,323.33334,16.666666
"536","2016-10-07"," 08:00",NaN,18.6702898550725,20.975845410628,2.55555555555556,NaN,0,0,"Y",8.2,8.6,5.766667,94,95.333336,87.333336,1.6,4.5333333,3.4333334,23.333334,133.33333,323.33334
"537","2016-10-08"," 08:00",NaN,26.0036231884058,23.6425120772947,30,NaN,0,0,"N",7.5666666,8.2,8.6,93.333336,94,95.333336,3.4,1.6,4.5333333,326.66666,23.333334,133.33333
"538","2016-10-09"," 08:00",NaN,17.1147342995169,16.5314009661836,31.5555555555556,NaN,0,0,"N",8.266666,7.5666666,8.2,89,93.333336,94,3.7333333,3.4,1.6,303.33334,326.66666,23.333334
"539","2016-10-10"," 08:00",NaN,117.559178743961,42.7536231884058,4.33333333333333,NaN,0,0,"Y",8,8.266666,7.5666666,89,89,93.333336,1.7333333,3.7333333,3.4,283.33334,303.33334,326.66666
"540","2016-10-11"," 08:00",NaN,30.225845410628,28.5314009661836,3.33333333333333,NaN,0,0,"Y",5.4,8,8.266666,98.333336,89,89,0.9,1.7333333,3.7333333,176.66667,283.33334,303.33334
"541","2016-10-12"," 08:00",NaN,18.0036231884058,18.7536231884058,2.88888888888889,NaN,0,0,"Y",6.5333333,5.4,8,92.666664,98.333336,89,2.6333334,0.9,1.7333333,26.666666,176.66667,283.33334
"542","2016-10-13"," 08:00",NaN,9.55917874396135,22.0869565217391,8.66666666666667,NaN,0,0,"Y",7.9,6.5333333,5.4,89.333336,92.666664,98.333336,3.5,2.6333334,0.9,63.333332,26.666666,176.66667
"543","2016-10-14"," 08:00",NaN,5.11473429951691,18.5314009661836,20.6666666666667,NaN,0,0,"Y",7.9,7.9,6.5333333,78.333336,89.333336,92.666664,5.733333,3.5,2.6333334,90,63.333332,26.666666
"544","2016-10-15"," 08:00",NaN,5.33695652173913,20.3091787439614,26.8888888888889,NaN,0,0,"N",10.766666,7.9,7.9,79,78.333336,89.333336,3.7666667,5.733333,3.5,136.66667,90,63.333332
"545","2016-10-16"," 08:00",NaN,17.1147342995169,17.6425120772947,3.33333333333333,NaN,0,0,"N",10.866667,10.766666,7.9,94.333336,79,78.333336,1.9666667,3.7666667,5.733333,176.66667,136.66667,90
"546","2016-10-17"," 08:00",NaN,17.3369565217391,22.0869565217391,4.11111111111111,NaN,0,0,"Y",8.333333,10.866667,10.766666,97,94.333336,79,2.3666666,1.9666667,3.7666667,133.33333,176.66667,136.66667
"547","2016-10-18"," 08:00",NaN,14.4480676328502,27.6425120772947,3.22222222222222,NaN,0,0,"Y",10.833333,8.333333,10.866667,85.666664,97,94.333336,2.3666666,2.3666666,1.9666667,173.33333,133.33333,176.66667
"548","2016-10-19"," 08:00",NaN,9.11473429951691,33.8647342995169,10.7777777777778,NaN,0,0,"Y",9.9,10.833333,8.333333,95,85.666664,97,3.8,2.3666666,2.3666666,173.33333,173.33333,133.33333
"549","2016-10-20"," 08:00",NaN,4.89251207729469,28.0869565217391,19.7777777777778,NaN,0,0,"Y",8.2,9.9,10.833333,85,95,85.666664,1.7333333,3.8,2.3666666,266.66666,173.33333,173.33333
"550","2016-10-21"," 08:00",NaN,14.4480676328502,30.3091787439614,4.55555555555556,NaN,0,0,"Y",6.8,8.2,9.9,96.333336,85,95,2,1.7333333,3.8,196.66667,266.66666,173.33333
